batch_id,start_date,end_date,facility_id,product_line,planned_yield_kg,actual_yield_kg,outcome
B0000,2024-01-01,2024-01-14,F1,cultivated_chicken,300,290.9,success
B0001,2024-01-08,2024-01-21,F1,cultivated_chicken,300,276.1,success
B0002,2024-01-15,2024-01-28,F1,cultivated_chicken,300,268.6,success
B0003,2024-01-22,2024-02-04,F1,cultivated_chicken,300,267.5,success
B0004,2024-01-29,2024-02-11,F1,cultivated_chicken,300,266.5,success
B0005,2024-02-05,2024-02-18,F1,cultivated_chicken,300,275.0,success
B0006,2024-02-12,2024-02-25,F1,cultivated_chicken,300,277.7,success
B0007,2024-02-19,2024-03-03,F1,cultivated_chicken,300,279.9,success
B0008,2024-02-26,2024-03-10,F1,cultivated_chicken,300,299.8,success
B0009,2024-03-04,2024-03-17,F1,cultivated_chicken,300,290.7,success
B0010,2024-03-11,2024-03-24,F1,cultivated_chicken,300,283.0,success
B0011,2024-03-18,2024-03-31,F1,cultivated_chicken,300,299.5,success
B0012,2024-03-25,2024-04-07,F1,cultivated_chicken,300,264.7,success
B0013,2024-04-01,2024-04-14,F1,cultivated_chicken,300,262.2,partial
B0014,2024-04-08,2024-04-21,F1,cultivated_chicken,300,282.6,success
B0015,2024-04-15,2024-04-28,F1,cultivated_chicken,300,257.0,partial
B0016,2024-04-22,2024-05-05,F1,cultivated_chicken,300,256.6,partial
B0017,2024-04-29,2024-05-12,F1,cultivated_chicken,300,278.2,success
B0018,2024-05-06,2024-05-19,F1,cultivated_chicken,300,276.0,success
B0019,2024-05-13,2024-05-26,F1,cultivated_chicken,300,296.3,success
B0020,2024-05-20,2024-06-02,F1,cultivated_chicken,300,283.3,success
B0021,2024-05-27,2024-06-09,F1,cultivated_chicken,300,278.1,success
B0022,2024-06-03,2024-06-16,F1,cultivated_chicken,300,277.4,success
B0023,2024-06-10,2024-06-23,F1,cultivated_chicken,300,266.1,success
B0024,2024-06-17,2024-06-30,F1,cultivated_chicken,300,255.5,partial
B0025,2024-06-24,2024-07-07,F1,cultivated_chicken,300,263.7,partial
B0026,2024-07-01,2024-07-14,F1,cultivated_chicken,300,286.1,success
B0027,2024-07-08,2024-07-21,F1,cultivated_chicken,300,264.0,success
B0028,2024-07-15,2024-07-28,F1,cultivated_chicken,300,271.6,success
B0029,2024-07-22,2024-08-04,F1,cultivated_chicken,300,255.2,partial
B0030,2024-07-29,2024-08-11,F1,cultivated_chicken,300,292.4,success
B0031,2024-08-05,2024-08-18,F1,cultivated_chicken,300,262.0,partial
B0032,2024-08-12,2024-08-25,F1,cultivated_chicken,300,267.0,success
B0033,2024-08-19,2024-09-01,F1,cultivated_chicken,300,294.6,success
B0034,2024-08-26,2024-09-08,F1,cultivated_chicken,300,277.9,success
B0035,2024-09-02,2024-09-15,F1,cultivated_chicken,300,293.1,success
B0036,2024-09-09,2024-09-22,F1,cultivated_chicken,300,283.8,success
B0037,2024-09-16,2024-09-29,F1,cultivated_chicken,300,288.4,success
B0038,2024-09-23,2024-10-06,F1,cultivated_chicken,300,259.1,partial
B0039,2024-09-30,2024-10-13,F1,cultivated_chicken,300,279.4,success
B0040,2024-10-07,2024-10-20,F1,cultivated_chicken,300,0,failed
B0041,2024-10-14,2024-10-27,F1,cultivated_chicken,300,294.2,success
B0042,2024-10-21,2024-11-03,F1,cultivated_chicken,300,271.3,success
B0043,2024-10-28,2024-11-10,F1,cultivated_chicken,300,281.9,success
B0044,2024-11-04,2024-11-17,F1,cultivated_chicken,300,257.7,partial
B0045,2024-11-11,2024-11-24,F1,cultivated_chicken,300,272.4,success
B0046,2024-11-18,2024-12-01,F1,cultivated_chicken,300,269.5,success
B0047,2024-11-25,2024-12-08,F1,cultivated_chicken,300,261.8,partial
B0048,2024-12-02,2024-12-15,F1,cultivated_chicken,300,291.7,success
B0049,2024-12-09,2024-12-22,F1,cultivated_chicken,300,272.1,success
B0050,2024-12-16,2024-12-29,F1,cultivated_chicken,300,299.0,success
B0051,2024-12-23,2025-01-05,F1,cultivated_chicken,300,281.5,success
B0052,2024-12-30,2025-01-12,F1,cultivated_chicken,300,282.2,success
B0053,2025-01-06,2025-01-19,F1,cultivated_chicken,300,283.7,success
B0054,2025-01-13,2025-01-26,F1,cultivated_chicken,300,285.4,success
B0055,2025-01-20,2025-02-02,F1,cultivated_chicken,300,261.8,partial
B0056,2025-01-27,2025-02-09,F1,cultivated_chicken,300,274.8,success
B0057,2025-02-03,2025-02-16,F1,cultivated_chicken,300,265.8,success
B0058,2025-02-10,2025-02-23,F1,cultivated_chicken,300,273.1,success
B0059,2025-02-17,2025-03-02,F1,cultivated_chicken,300,259.4,partial
B0060,2025-02-24,2025-03-09,F1,cultivated_chicken,300,298.6,success
B0061,2025-03-03,2025-03-16,F1,cultivated_chicken,300,264.7,success
B0062,2025-03-10,2025-03-23,F1,cultivated_chicken,300,285.2,success
B0063,2025-03-17,2025-03-30,F1,cultivated_chicken,300,268.5,success
B0064,2025-03-24,2025-04-06,F1,cultivated_chicken,300,294.3,success
B0065,2025-03-31,2025-04-13,F1,cultivated_chicken,300,284.8,success
B0066,2025-04-07,2025-04-20,F1,cultivated_chicken,300,260.9,partial
B0067,2025-04-14,2025-04-27,F1,cultivated_chicken,300,293.0,success
B0068,2025-04-21,2025-05-04,F1,cultivated_chicken,300,297.5,success
B0069,2025-04-28,2025-05-11,F1,cultivated_chicken,300,295.7,success
B0070,2025-05-05,2025-05-18,F1,cultivated_chicken,300,280.6,success
B0071,2025-05-12,2025-05-25,F1,cultivated_chicken,300,261.5,partial
B0072,2025-05-19,2025-06-01,F1,cultivated_chicken,300,263.7,partial
B0073,2025-05-26,2025-06-08,F1,cultivated_chicken,300,296.8,success
B0074,2025-06-02,2025-06-15,F1,cultivated_chicken,300,279.9,success
B0075,2025-06-09,2025-06-22,F1,cultivated_chicken,300,263.1,partial
B0076,2025-06-16,2025-06-29,F1,cultivated_chicken,300,294.8,success
B0077,2025-06-23,2025-07-06,F1,cultivated_chicken,300,283.9,success
B0078,2025-06-30,2025-07-13,F1,cultivated_chicken,300,280.6,success
B0079,2025-07-07,2025-07-20,F1,cultivated_chicken,300,271.9,success
B0080,2025-07-14,2025-07-27,F1,cultivated_chicken,300,273.5,success
B0081,2025-07-21,2025-08-03,F1,cultivated_chicken,300,265.8,success
B0082,2025-07-28,2025-08-10,F1,cultivated_chicken,300,256.7,partial
B0083,2025-08-04,2025-08-17,F1,cultivated_chicken,300,294.4,success
B0084,2025-08-11,2025-08-24,F1,cultivated_chicken,300,276.0,success
B0085,2025-08-18,2025-08-31,F1,cultivated_chicken,300,279.6,success
B0086,2025-08-25,2025-09-07,F1,cultivated_chicken,300,269.5,success
B0087,2025-09-01,2025-09-14,F1,cultivated_chicken,300,288.8,success
B0088,2025-09-08,2025-09-21,F1,cultivated_chicken,300,256.1,partial
B0089,2025-09-15,2025-09-28,F1,cultivated_chicken,300,271.7,success
B0090,2025-09-22,2025-10-05,F1,cultivated_chicken,300,256.4,partial
B0091,2025-09-29,2025-10-12,F1,cultivated_chicken,300,260.5,partial
B0092,2025-10-06,2025-10-19,F1,cultivated_chicken,300,298.5,success
B0093,2025-10-13,2025-10-26,F1,cultivated_chicken,300,284.6,success
B0094,2025-10-20,2025-11-02,F1,cultivated_chicken,300,274.3,success
B0095,2025-10-27,2025-11-09,F1,cultivated_chicken,300,278.6,success
B0096,2025-11-03,2025-11-16,F1,cultivated_chicken,300,294.3,success
B0097,2025-11-10,2025-11-23,F1,cultivated_chicken,300,270.5,success
B0098,2025-11-17,2025-11-30,F1,cultivated_chicken,300,281.6,success
B0099,2025-11-24,2025-12-07,F1,cultivated_chicken,300,285.8,success
B0100,2025-12-01,2025-12-14,F1,cultivated_chicken,300,271.0,success
B0101,2025-12-08,2025-12-21,F1,cultivated_chicken,300,278.4,success
B0102,2025-12-15,2025-12-28,F1,cultivated_chicken,300,289.4,success
B0103,2025-12-22,2026-01-04,F1,cultivated_chicken,300,295.9,success
B0104,2025-12-29,2026-01-11,F1,cultivated_chicken,300,261.8,partial
B0105,2026-01-05,2026-01-18,F1,cultivated_chicken,300,297.0,success
B0106,2026-01-12,2026-01-25,F1,cultivated_chicken,300,255.2,partial
B0107,2026-01-19,2026-02-01,F1,cultivated_chicken,300,288.9,success
B0108,2026-01-26,2026-02-08,F1,cultivated_chicken,300,291.5,success
B0109,2026-02-02,2026-02-15,F1,cultivated_chicken,300,261.2,partial
