week_start,facility_id,product_line,planned_batches,planned_yield_per_batch_kg
2024-01-01,F1,cultivated_chicken,1,300
2024-01-08,F1,cultivated_chicken,1,300
2024-01-15,F1,cultivated_chicken,1,300
2024-01-22,F1,cultivated_chicken,1,300
2024-01-29,F1,cultivated_chicken,1,300
2024-02-05,F1,cultivated_chicken,1,300
2024-02-12,F1,cultivated_chicken,1,300
2024-02-19,F1,cultivated_chicken,1,300
2024-02-26,F1,cultivated_chicken,1,300
2024-03-04,F1,cultivated_chicken,1,300
2024-03-11,F1,cultivated_chicken,1,300
2024-03-18,F1,cultivated_chicken,1,300
2024-03-25,F1,cultivated_chicken,1,300
2024-04-01,F1,cultivated_chicken,1,300
2024-04-08,F1,cultivated_chicken,1,300
2024-04-15,F1,cultivated_chicken,1,300
2024-04-22,F1,cultivated_chicken,1,300
2024-04-29,F1,cultivated_chicken,1,300
2024-05-06,F1,cultivated_chicken,1,300
2024-05-13,F1,cultivated_chicken,1,300
2024-05-20,F1,cultivated_chicken,1,300
2024-05-27,F1,cultivated_chicken,1,300
2024-06-03,F1,cultivated_chicken,1,300
2024-06-10,F1,cultivated_chicken,1,300
2024-06-17,F1,cultivated_chicken,1,300
2024-06-24,F1,cultivated_chicken,1,300
2024-07-01,F1,cultivated_chicken,1,300
2024-07-08,F1,cultivated_chicken,1,300
2024-07-15,F1,cultivated_chicken,1,300
2024-07-22,F1,cultivated_chicken,1,300
2024-07-29,F1,cultivated_chicken,1,300
2024-08-05,F1,cultivated_chicken,1,300
2024-08-12,F1,cultivated_chicken,1,300
2024-08-19,F1,cultivated_chicken,1,300
2024-08-26,F1,cultivated_chicken,1,300
2024-09-02,F1,cultivated_chicken,1,300
2024-09-09,F1,cultivated_chicken,1,300
2024-09-16,F1,cultivated_chicken,1,300
2024-09-23,F1,cultivated_chicken,1,300
2024-09-30,F1,cultivated_chicken,1,300
2024-10-07,F1,cultivated_chicken,1,300
2024-10-14,F1,cultivated_chicken,1,300
2024-10-21,F1,cultivated_chicken,1,300
2024-10-28,F1,cultivated_chicken,1,300
2024-11-04,F1,cultivated_chicken,1,300
2024-11-11,F1,cultivated_chicken,1,300
2024-11-18,F1,cultivated_chicken,1,300
2024-11-25,F1,cultivated_chicken,1,300
2024-12-02,F1,cultivated_chicken,1,300
2024-12-09,F1,cultivated_chicken,1,300
2024-12-16,F1,cultivated_chicken,1,300
2024-12-23,F1,cultivated_chicken,1,300
2024-12-30,F1,cultivated_chicken,1,300
2025-01-06,F1,cultivated_chicken,1,300
2025-01-13,F1,cultivated_chicken,1,300
2025-01-20,F1,cultivated_chicken,1,300
2025-01-27,F1,cultivated_chicken,1,300
2025-02-03,F1,cultivated_chicken,1,300
2025-02-10,F1,cultivated_chicken,1,300
2025-02-17,F1,cultivated_chicken,1,300
2025-02-24,F1,cultivated_chicken,1,300
2025-03-03,F1,cultivated_chicken,1,300
2025-03-10,F1,cultivated_chicken,1,300
2025-03-17,F1,cultivated_chicken,1,300
2025-03-24,F1,cultivated_chicken,1,300
2025-03-31,F1,cultivated_chicken,1,300
2025-04-07,F1,cultivated_chicken,1,300
2025-04-14,F1,cultivated_chicken,1,300
2025-04-21,F1,cultivated_chicken,1,300
2025-04-28,F1,cultivated_chicken,1,300
2025-05-05,F1,cultivated_chicken,1,300
2025-05-12,F1,cultivated_chicken,1,300
2025-05-19,F1,cultivated_chicken,1,300
2025-05-26,F1,cultivated_chicken,1,300
2025-06-02,F1,cultivated_chicken,1,300
2025-06-09,F1,cultivated_chicken,1,300
2025-06-16,F1,cultivated_chicken,1,300
2025-06-23,F1,cultivated_chicken,1,300
2025-06-30,F1,cultivated_chicken,1,300
2025-07-07,F1,cultivated_chicken,1,300
2025-07-14,F1,cultivated_chicken,1,300
2025-07-21,F1,cultivated_chicken,1,300
2025-07-28,F1,cultivated_chicken,1,300
2025-08-04,F1,cultivated_chicken,1,300
2025-08-11,F1,cultivated_chicken,1,300
2025-08-18,F1,cultivated_chicken,1,300
2025-08-25,F1,cultivated_chicken,1,300
2025-09-01,F1,cultivated_chicken,1,300
2025-09-08,F1,cultivated_chicken,1,300
2025-09-15,F1,cultivated_chicken,1,300
2025-09-22,F1,cultivated_chicken,1,300
2025-09-29,F1,cultivated_chicken,1,300
2025-10-06,F1,cultivated_chicken,1,300
2025-10-13,F1,cultivated_chicken,1,300
2025-10-20,F1,cultivated_chicken,1,300
2025-10-27,F1,cultivated_chicken,1,300
2025-11-03,F1,cultivated_chicken,1,300
2025-11-10,F1,cultivated_chicken,1,300
2025-11-17,F1,cultivated_chicken,1,300
2025-11-24,F1,cultivated_chicken,1,300
2025-12-01,F1,cultivated_chicken,1,300
2025-12-08,F1,cultivated_chicken,1,300
2025-12-15,F1,cultivated_chicken,1,300
2025-12-22,F1,cultivated_chicken,1,300
2025-12-29,F1,cultivated_chicken,1,300
2026-01-05,F1,cultivated_chicken,1,300
2026-01-12,F1,cultivated_chicken,1,300
2026-01-19,F1,cultivated_chicken,1,300
2026-01-26,F1,cultivated_chicken,1,300
2026-02-02,F1,cultivated_chicken,1,300
2026-02-09,F1,cultivated_chicken,1,300
2026-02-16,F1,cultivated_chicken,1,300
2026-02-23,F1,cultivated_chicken,1,300
2026-03-02,F1,cultivated_chicken,1,300
2026-03-09,F1,cultivated_chicken,1,300
2026-03-16,F1,cultivated_chicken,1,300
2026-03-23,F1,cultivated_chicken,1,300
2026-03-30,F1,cultivated_chicken,1,300
2026-04-06,F1,cultivated_chicken,1,300
2026-04-13,F1,cultivated_chicken,1,300
2026-04-20,F1,cultivated_chicken,1,300
2026-04-27,F1,cultivated_chicken,1,300
2026-05-04,F1,cultivated_chicken,1,300
