customer_id,region_id,acquired_date,acquisition_campaign_type,persona_segment,churned_date,is_subscriber
C00000,R_N,2024-01-02,ppc,urban_foodie,2024-08-27,false
C00001,R_N,2024-01-03,ppc,urban_foodie,2024-12-04,false
C00002,R_N,2024-01-03,ppc,health_seeker,2024-05-08,false
C00003,R_N,2024-01-03,ppc,urban_foodie,2024-09-04,false
C00004,R_N,2024-01-02,ppc,urban_foodie,2025-01-28,false
C00005,R_N,2024-01-06,ppc,health_seeker,2024-04-27,false
C00006,R_N,2024-01-05,ppc,urban_foodie,2024-11-01,false
C00007,R_N,2024-01-07,ppc,urban_foodie,2024-11-10,false
C00008,R_S,2024-01-02,ppc,urban_foodie,2024-03-26,false
C00009,R_S,2024-01-02,ppc,urban_foodie,2024-12-03,false
C00010,R_S,2024-01-01,ppc,urban_foodie,2024-08-05,false
C00011,R_S,2024-01-07,ppc,health_seeker,2024-06-02,true
C00012,R_S,2024-01-04,ppc,urban_foodie,2024-05-09,false
C00013,R_N,2024-01-08,ppc,health_seeker,2024-11-11,false
C00014,R_N,2024-01-09,ppc,health_seeker,2024-06-11,true
C00015,R_N,2024-01-14,ppc,urban_foodie,2025-02-02,false
C00016,R_N,2024-01-14,,health_seeker,2024-09-15,false
C00017,R_N,2024-01-14,ppc,urban_foodie,2024-05-19,false
C00018,R_N,2024-01-08,ppc,urban_foodie,2024-03-25,true
C00019,R_N,2024-01-08,ppc,health_seeker,2025-02-24,false
C00020,R_N,2024-01-11,,health_seeker,2024-05-02,false
C00021,R_S,2024-01-09,ppc,health_seeker,2024-05-21,true
C00022,R_S,2024-01-14,,urban_foodie,2024-06-23,false
C00023,R_S,2024-01-08,ppc,health_seeker,2024-12-30,false
C00024,R_S,2024-01-09,ppc,urban_foodie,2024-11-12,false
C00025,R_S,2024-01-14,ppc,health_seeker,2024-06-23,false
C00026,R_N,2024-01-20,,health_seeker,2024-03-30,false
C00027,R_N,2024-01-15,,health_seeker,2024-03-11,false
C00028,R_N,2024-01-21,ppc,urban_foodie,2025-01-19,false
C00029,R_N,2024-01-18,,urban_foodie,2024-10-31,false
C00030,R_N,2024-01-20,ppc,health_seeker,2024-08-03,false
C00031,R_N,2024-01-16,ppc,urban_foodie,2024-11-26,false
C00032,R_N,2024-01-20,,health_seeker,2024-11-30,false
C00033,R_N,2024-01-17,ppc,health_seeker,2024-12-25,false
C00034,R_S,2024-01-18,ppc,health_seeker,2025-02-06,false
C00035,R_S,2024-01-17,ppc,urban_foodie,2024-07-17,true
C00036,R_S,2024-01-18,ppc,urban_foodie,2024-06-06,false
C00037,R_S,2024-01-19,ppc,urban_foodie,2024-08-16,false
C00038,R_S,2024-01-16,ppc,health_seeker,2024-12-10,false
C00039,R_N,2024-01-24,ppc,health_seeker,2025-02-12,false
C00040,R_N,2024-01-26,ppc,health_seeker,2025-02-14,false
C00041,R_N,2024-01-25,ppc,health_seeker,2024-10-10,false
C00042,R_N,2024-01-23,,urban_foodie,2024-12-10,false
C00043,R_N,2024-01-24,,urban_foodie,2024-09-04,false
C00044,R_N,2024-01-26,ppc,urban_foodie,2025-01-10,false
C00045,R_N,2024-01-28,ppc,health_seeker,2025-01-26,false
C00046,R_N,2024-01-22,ppc,health_seeker,2024-07-01,false
C00047,R_S,2024-01-24,,health_seeker,2025-02-12,false
C00048,R_S,2024-01-26,ppc,urban_foodie,2024-08-30,false
C00049,R_S,2024-01-25,ppc,urban_foodie,2024-05-16,false
C00050,R_S,2024-01-27,ppc,health_seeker,2024-11-30,false
C00051,R_S,2024-01-25,,urban_foodie,2024-10-31,false
C00052,R_N,2024-02-04,ppc,urban_foodie,2025-03-09,false
C00053,R_N,2024-02-04,,urban_foodie,2024-12-08,false
C00054,R_N,2024-01-31,ppc,urban_foodie,2025-01-29,false
C00055,R_N,2024-02-04,,health_seeker,2024-09-22,false
C00056,R_N,2024-02-01,ppc,health_seeker,2024-10-03,false
C00057,R_N,2024-01-30,ppc,health_seeker,2024-04-23,false
C00058,R_N,2024-01-30,ppc,health_seeker,2025-01-07,false
C00059,R_N,2024-01-29,ppc,health_seeker,2025-02-24,false
C00060,R_S,2024-01-31,ppc,urban_foodie,2025-03-19,false
C00061,R_S,2024-01-29,ppc,health_seeker,2024-05-27,true
C00062,R_S,2024-01-30,ppc,urban_foodie,2024-12-31,true
C00063,R_S,2024-02-03,ppc,urban_foodie,2024-12-21,false
C00064,R_S,2024-01-31,ppc,urban_foodie,2024-06-05,false
C00065,R_N,2024-02-09,ppc,health_seeker,2024-05-10,false
C00066,R_N,2024-02-09,ppc,urban_foodie,2024-08-16,false
C00067,R_N,2024-02-06,,urban_foodie,2024-10-29,false
C00068,R_N,2024-02-06,ppc,health_seeker,2025-03-25,false
C00069,R_N,2024-02-06,ppc,health_seeker,2024-11-19,false
C00070,R_N,2024-02-10,ppc,urban_foodie,2024-05-11,false
C00071,R_N,2024-02-09,ppc,health_seeker,2025-01-10,false
C00072,R_N,2024-02-05,ppc,health_seeker,2024-05-13,false
C00073,R_S,2024-02-10,ppc,urban_foodie,2024-10-12,false
C00074,R_S,2024-02-10,ppc,health_seeker,2024-06-01,false
C00075,R_S,2024-02-11,ppc,urban_foodie,2024-05-26,false
C00076,R_S,2024-02-06,ppc,urban_foodie,2025-01-14,false
C00077,R_S,2024-02-06,,urban_foodie,2025-03-25,false
C00078,R_N,2024-02-12,,urban_foodie,2025-03-31,false
C00079,R_N,2024-02-18,,urban_foodie,2024-11-03,false
C00080,R_N,2024-02-14,,health_seeker,2024-08-07,false
C00081,R_N,2024-02-13,ppc,urban_foodie,2024-08-13,false
C00082,R_N,2024-02-14,,urban_foodie,2025-01-15,false
C00083,R_N,2024-02-17,,health_seeker,2024-07-27,true
C00084,R_N,2024-02-16,,health_seeker,2025-02-14,false
C00085,R_N,2024-02-16,ppc,urban_foodie,2024-10-18,false
C00086,R_S,2024-02-15,ppc,health_seeker,2024-08-01,false
C00087,R_S,2024-02-13,ppc,health_seeker,2024-12-17,false
C00088,R_S,2024-02-14,ppc,health_seeker,2024-12-04,false
C00089,R_S,2024-02-15,ppc,urban_foodie,2024-11-07,false
C00090,R_S,2024-02-15,ppc,health_seeker,2024-06-13,true
C00091,R_N,2024-02-22,,health_seeker,2024-07-25,false
C00092,R_N,2024-02-21,,urban_foodie,2024-07-31,false
C00093,R_N,2024-02-22,ppc,health_seeker,2024-05-23,true
C00094,R_N,2024-02-23,ppc,health_seeker,2024-08-30,true
C00095,R_N,2024-02-22,,health_seeker,2024-08-15,false
C00096,R_N,2024-02-25,ppc,health_seeker,2025-04-13,false
C00097,R_N,2024-02-25,,urban_foodie,2025-01-12,true
C00098,R_N,2024-02-22,ppc,urban_foodie,2025-01-23,true
C00099,R_S,2024-02-21,ppc,urban_foodie,2024-05-01,false
C00100,R_S,2024-02-22,ppc,urban_foodie,2024-07-04,false
C00101,R_S,2024-02-21,ppc,health_seeker,2025-03-19,false
C00102,R_S,2024-02-20,ppc,urban_foodie,2025-02-04,false
C00103,R_S,2024-02-24,ppc,health_seeker,2024-06-15,false
C00104,R_N,2024-03-01,ppc,health_seeker,2024-11-29,false
C00105,R_N,2024-02-26,,health_seeker,2024-07-29,false
C00106,R_N,2024-03-01,ppc,health_seeker,2024-04-26,false
C00107,R_N,2024-03-02,ppc,urban_foodie,2024-10-26,false
C00108,R_N,2024-02-26,,urban_foodie,2025-02-17,true
C00109,R_N,2024-02-27,ppc,urban_foodie,2025-03-11,false
C00110,R_N,2024-03-02,ppc,urban_foodie,2025-02-08,false
C00111,R_N,2024-03-02,,urban_foodie,2025-04-19,false
C00112,R_S,2024-03-03,ppc,health_seeker,2025-01-26,true
C00113,R_S,2024-03-01,ppc,health_seeker,2024-07-19,false
C00114,R_S,2024-03-01,ppc,health_seeker,2024-07-05,false
C00115,R_S,2024-03-02,ppc,urban_foodie,2025-03-15,false
C00116,R_S,2024-03-03,,urban_foodie,2025-02-02,false
C00117,R_N,2024-03-06,ppc,health_seeker,2024-07-03,true
C00118,R_N,2024-03-10,ppc,health_seeker,2024-09-29,false
C00119,R_N,2024-03-10,ppc,health_seeker,2025-02-09,false
C00120,R_N,2024-03-08,ppc,urban_foodie,2025-01-03,false
C00121,R_N,2024-03-08,,urban_foodie,2025-02-14,false
C00122,R_N,2024-03-04,ppc,health_seeker,2024-11-18,false
C00123,R_N,2024-03-10,,health_seeker,2025-03-30,false
C00124,R_N,2024-03-08,ppc,health_seeker,2024-11-08,false
C00125,R_S,2024-03-06,ppc,urban_foodie,2025-02-12,false
C00126,R_S,2024-03-06,ppc,urban_foodie,2025-03-05,false
C00127,R_S,2024-03-07,,health_seeker,2024-08-29,false
C00128,R_S,2024-03-08,ppc,urban_foodie,2024-06-07,false
C00129,R_S,2024-03-08,ppc,urban_foodie,2024-07-26,false
C00130,R_N,2024-03-17,,urban_foodie,2024-08-11,true
C00131,R_N,2024-03-15,,health_seeker,2025-05-02,false
C00132,R_N,2024-03-15,,health_seeker,2024-11-01,false
C00133,R_N,2024-03-11,,urban_foodie,2024-06-24,false
C00134,R_N,2024-03-14,ppc,urban_foodie,2024-05-09,true
C00135,R_N,2024-03-15,,urban_foodie,2024-07-05,true
C00136,R_N,2024-03-12,ppc,health_seeker,2024-08-20,false
C00137,R_N,2024-03-12,,health_seeker,2025-04-08,false
C00138,R_S,2024-03-16,,health_seeker,2024-10-26,false
C00139,R_S,2024-03-13,,urban_foodie,2025-04-23,true
C00140,R_S,2024-03-14,ppc,urban_foodie,2024-06-13,false
C00141,R_S,2024-03-12,ppc,urban_foodie,2024-12-10,true
C00142,R_S,2024-03-13,ppc,urban_foodie,2024-07-10,false
C00143,R_N,2024-03-24,,urban_foodie,2025-02-02,false
C00144,R_N,2024-03-19,ppc,urban_foodie,2025-04-15,false
C00145,R_N,2024-03-19,ppc,urban_foodie,2024-12-03,false
C00146,R_N,2024-03-18,ppc,health_seeker,2024-12-30,false
C00147,R_N,2024-03-23,ppc,health_seeker,2024-12-21,false
C00148,R_N,2024-03-18,ppc,urban_foodie,2025-03-17,true
C00149,R_N,2024-03-24,ppc,urban_foodie,2025-02-02,false
C00150,R_N,2024-03-19,ppc,urban_foodie,2025-01-21,false
C00151,R_S,2024-03-24,ppc,urban_foodie,2024-07-14,false
C00152,R_S,2024-03-23,,health_seeker,2024-11-30,false
C00153,R_S,2024-03-22,ppc,urban_foodie,2024-08-30,false
C00154,R_S,2024-03-20,ppc,urban_foodie,2025-04-16,false
C00155,R_S,2024-03-18,,urban_foodie,2024-10-14,true
C00156,R_N,2024-03-26,ppc,health_seeker,2024-10-29,false
C00157,R_N,2024-03-29,,health_seeker,2024-10-25,false
C00158,R_N,2024-03-30,,health_seeker,2025-01-18,false
C00159,R_N,2024-03-25,ppc,urban_foodie,2025-03-17,false
C00160,R_N,2024-03-31,,health_seeker,2024-06-16,false
C00161,R_N,2024-03-28,ppc,health_seeker,2024-10-03,false
C00162,R_N,2024-03-25,ppc,urban_foodie,2025-03-17,false
C00163,R_N,2024-03-25,ppc,urban_foodie,2024-08-05,false
C00164,R_S,2024-03-31,ppc,health_seeker,2025-01-26,true
C00165,R_S,2024-03-30,,urban_foodie,2024-09-14,false
C00166,R_S,2024-03-26,ppc,urban_foodie,2025-04-22,false
C00167,R_S,2024-03-29,ppc,health_seeker,2025-01-17,false
C00168,R_S,2024-03-31,ppc,urban_foodie,2024-06-09,false
C00169,R_N,2024-04-03,ppc,urban_foodie,2025-01-15,false
C00170,R_N,2024-04-03,ppc,urban_foodie,2024-07-10,false
C00171,R_N,2024-04-01,,urban_foodie,2024-11-11,false
C00172,R_N,2024-04-05,ppc,health_seeker,2024-05-31,false
C00173,R_N,2024-04-03,ppc,urban_foodie,2024-05-29,false
C00174,R_N,2024-04-04,ppc,health_seeker,2024-08-22,false
C00175,R_N,2024-04-01,ppc,urban_foodie,2024-07-08,false
C00176,R_N,2024-04-07,ppc,health_seeker,2025-03-30,false
C00177,R_S,2024-04-06,ppc,urban_foodie,2024-08-24,false
C00178,R_S,2024-04-03,ppc,urban_foodie,2024-12-18,false
C00179,R_S,2024-04-01,,urban_foodie,2024-09-16,false
C00180,R_S,2024-04-01,ppc,health_seeker,2024-08-05,true
C00181,R_S,2024-04-06,ppc,urban_foodie,2025-04-05,false
C00182,R_N,2024-04-08,ppc,urban_foodie,2024-07-22,false
C00183,R_N,2024-04-13,ppc,urban_foodie,2024-12-28,true
C00184,R_N,2024-04-10,ppc,health_seeker,2025-04-02,false
C00185,R_N,2024-04-08,,health_seeker,2024-10-14,false
C00186,R_N,2024-04-11,ppc,health_seeker,2025-04-24,false
C00187,R_N,2024-04-12,ppc,urban_foodie,2025-02-28,true
C00188,R_N,2024-04-11,,health_seeker,2025-05-08,true
C00189,R_N,2024-04-10,ppc,health_seeker,2024-07-03,false
C00190,R_S,2024-04-10,,urban_foodie,2024-11-27,false
C00191,R_S,2024-04-11,ppc,urban_foodie,2025-04-24,true
C00192,R_S,2024-04-08,ppc,health_seeker,2024-12-09,true
C00193,R_S,2024-04-09,ppc,urban_foodie,2025-01-28,false
C00194,R_S,2024-04-12,ppc,urban_foodie,2025-05-02,false
C00195,R_N,2024-04-21,ppc,health_seeker,2024-11-10,false
C00196,R_N,2024-04-21,,health_seeker,2025-04-20,false
C00197,R_N,2024-04-19,ppc,urban_foodie,2025-04-04,false
C00198,R_N,2024-04-15,,health_seeker,2025-03-10,false
C00199,R_N,2024-04-17,ppc,health_seeker,2025-03-12,true
C00200,R_N,2024-04-16,ppc,urban_foodie,2024-09-24,false
C00201,R_N,2024-04-21,ppc,urban_foodie,2025-02-02,false
C00202,R_N,2024-04-18,ppc,urban_foodie,2025-05-01,true
C00203,R_S,2024-04-17,,health_seeker,2025-04-09,false
C00204,R_S,2024-04-15,,health_seeker,2025-05-05,false
C00205,R_S,2024-04-15,ppc,urban_foodie,2025-06-02,true
C00206,R_S,2024-04-18,ppc,urban_foodie,2025-01-16,false
C00207,R_S,2024-04-20,ppc,urban_foodie,2024-09-21,false
C00208,R_N,2024-04-28,ppc,health_seeker,2025-03-16,false
C00209,R_N,2024-04-24,ppc,health_seeker,2024-08-07,false
C00210,R_N,2024-04-27,ppc,urban_foodie,2024-10-12,false
C00211,R_N,2024-04-22,ppc,urban_foodie,2024-10-07,false
C00212,R_N,2024-04-28,ppc,urban_foodie,2024-06-30,false
C00213,R_N,2024-04-25,,health_seeker,2025-04-24,false
C00214,R_N,2024-04-23,ppc,urban_foodie,2024-07-02,false
C00215,R_N,2024-04-28,ppc,health_seeker,2025-01-05,false
C00216,R_S,2024-04-24,ppc,health_seeker,2024-08-14,false
C00217,R_S,2024-04-28,ppc,urban_foodie,2024-11-17,false
C00218,R_S,2024-04-27,ppc,urban_foodie,2025-05-10,false
C00219,R_S,2024-04-27,ppc,health_seeker,2025-04-05,false
C00220,R_S,2024-04-22,ppc,urban_foodie,2024-06-17,false
C00221,R_N,2024-04-30,ppc,health_seeker,2024-11-05,false
C00222,R_N,2024-04-30,,health_seeker,2024-12-17,false
C00223,R_N,2024-05-05,ppc,health_seeker,2024-10-13,true
C00224,R_N,2024-05-04,,urban_foodie,2024-11-16,false
C00225,R_N,2024-05-05,ppc,health_seeker,2024-12-22,false
C00226,R_N,2024-05-04,,health_seeker,2024-11-09,false
C00227,R_N,2024-05-03,ppc,urban_foodie,2024-11-01,true
C00228,R_N,2024-05-02,ppc,urban_foodie,2025-04-24,false
C00229,R_S,2024-05-05,ppc,health_seeker,2025-01-26,false
C00230,R_S,2024-05-05,,health_seeker,2024-07-14,false
C00231,R_S,2024-05-02,ppc,urban_foodie,2025-03-13,false
C00232,R_S,2024-05-05,ppc,urban_foodie,2024-10-27,false
C00233,R_S,2024-05-01,,urban_foodie,2025-04-23,false
C00234,R_N,2024-05-08,,urban_foodie,2024-10-02,false
C00235,R_N,2024-05-09,ppc,health_seeker,2025-04-17,true
C00236,R_N,2024-05-12,ppc,health_seeker,2024-11-17,false
C00237,R_N,2024-05-08,ppc,urban_foodie,2024-10-16,true
C00238,R_N,2024-05-07,,urban_foodie,2025-05-20,true
C00239,R_N,2024-05-09,ppc,health_seeker,2025-01-02,true
C00240,R_N,2024-05-08,ppc,health_seeker,2024-08-28,false
C00241,R_N,2024-05-11,,health_seeker,2024-10-12,false
C00242,R_S,2024-05-07,,health_seeker,2025-03-18,false
C00243,R_S,2024-05-07,,health_seeker,2025-02-11,false
C00244,R_S,2024-05-12,ppc,health_seeker,2025-05-11,false
C00245,R_S,2024-05-06,,health_seeker,2025-04-14,false
C00246,R_S,2024-05-10,ppc,health_seeker,2025-01-03,false
C00247,R_N,2024-05-17,ppc,health_seeker,2025-03-21,false
C00248,R_N,2024-05-17,ppc,health_seeker,2025-06-27,false
C00249,R_N,2024-05-17,ppc,urban_foodie,2025-05-23,false
C00250,R_N,2024-05-14,ppc,urban_foodie,2024-10-08,false
C00251,R_N,2024-05-16,,health_seeker,2025-01-16,true
C00252,R_N,2024-05-16,,health_seeker,2025-06-12,false
C00253,R_N,2024-05-13,ppc,health_seeker,2024-11-18,false
C00254,R_N,2024-05-19,ppc,health_seeker,2025-01-05,false
C00255,R_S,2024-05-16,ppc,health_seeker,2024-07-18,false
C00256,R_S,2024-05-17,ppc,health_seeker,2024-09-20,false
C00257,R_S,2024-05-17,ppc,health_seeker,2025-06-06,false
C00258,R_S,2024-05-13,ppc,health_seeker,2025-06-30,false
C00259,R_S,2024-05-15,ppc,health_seeker,2025-02-26,true
C00260,R_N,2024-05-25,,urban_foodie,2024-11-02,false
C00261,R_N,2024-05-21,ppc,urban_foodie,2024-09-17,false
C00262,R_N,2024-05-21,,urban_foodie,2025-04-15,false
C00263,R_N,2024-05-20,,urban_foodie,2024-09-02,false
C00264,R_N,2024-05-21,,health_seeker,2025-06-24,false
C00265,R_N,2024-05-22,ppc,urban_foodie,2025-06-04,true
C00266,R_N,2024-05-23,ppc,urban_foodie,2024-10-31,true
C00267,R_N,2024-05-24,ppc,urban_foodie,2025-06-06,true
C00268,R_S,2024-05-20,ppc,urban_foodie,2025-05-26,false
C00269,R_S,2024-05-21,,health_seeker,2025-03-11,false
C00270,R_S,2024-05-22,ppc,urban_foodie,2025-03-26,true
C00271,R_S,2024-05-23,,health_seeker,2025-06-19,true
C00272,R_S,2024-05-26,ppc,urban_foodie,2024-09-01,true
C00273,R_N,2024-05-28,ppc,health_seeker,2025-07-08,false
C00274,R_N,2024-05-30,ppc,health_seeker,2025-07-17,false
C00275,R_N,2024-05-30,,urban_foodie,2025-05-15,false
C00276,R_N,2024-05-30,ppc,urban_foodie,2025-07-10,true
C00277,R_N,2024-05-27,,health_seeker,2025-05-05,false
C00278,R_N,2024-05-30,,health_seeker,2025-03-20,false
C00279,R_N,2024-06-01,,urban_foodie,2025-06-07,true
C00280,R_N,2024-05-28,,health_seeker,2025-04-01,true
C00281,R_S,2024-05-28,ppc,urban_foodie,2025-02-18,false
C00282,R_S,2024-05-29,ppc,health_seeker,2024-10-30,false
C00283,R_S,2024-05-30,ppc,health_seeker,2025-04-24,true
C00284,R_S,2024-05-31,ppc,urban_foodie,2025-03-28,false
C00285,R_S,2024-06-01,,health_seeker,2024-09-14,true
C00286,R_N,2024-06-06,ppc,health_seeker,2024-11-28,true
C00287,R_N,2024-06-03,ppc,urban_foodie,2024-08-19,false
C00288,R_N,2024-06-08,ppc,urban_foodie,2024-10-12,false
C00289,R_N,2024-06-05,ppc,health_seeker,2024-11-27,true
C00290,R_N,2024-06-06,ppc,health_seeker,2025-07-24,true
C00291,R_N,2024-06-06,ppc,health_seeker,2024-08-15,false
C00292,R_N,2024-06-03,ppc,urban_foodie,2025-06-02,false
C00293,R_N,2024-06-08,ppc,health_seeker,2024-11-30,true
C00294,R_S,2024-06-09,,health_seeker,2025-06-29,false
C00295,R_S,2024-06-05,,urban_foodie,2025-06-11,false
C00296,R_S,2024-06-08,ppc,health_seeker,2024-10-26,false
C00297,R_S,2024-06-04,,urban_foodie,2025-03-25,true
C00298,R_S,2024-06-04,ppc,urban_foodie,2024-10-08,true
C00299,R_N,2024-06-12,ppc,urban_foodie,2025-01-08,true
C00300,R_N,2024-06-11,,urban_foodie,2025-04-22,false
C00301,R_N,2024-06-11,ppc,urban_foodie,2025-01-14,false
C00302,R_N,2024-06-13,ppc,health_seeker,2024-10-10,false
C00303,R_N,2024-06-13,ppc,health_seeker,2025-05-08,false
C00304,R_N,2024-06-11,ppc,health_seeker,2025-06-10,false
C00305,R_N,2024-06-13,ppc,health_seeker,2025-07-24,false
C00306,R_N,2024-06-11,ppc,urban_foodie,2025-03-18,false
C00307,R_S,2024-06-10,ppc,health_seeker,2024-12-23,true
C00308,R_S,2024-06-13,,urban_foodie,2024-11-07,false
C00309,R_S,2024-06-14,ppc,urban_foodie,2025-06-13,true
C00310,R_S,2024-06-12,ppc,urban_foodie,2024-10-09,true
C00311,R_S,2024-06-14,ppc,urban_foodie,2024-08-23,false
C00312,R_N,2024-06-22,ppc,health_seeker,2025-04-12,false
C00313,R_N,2024-06-23,ppc,urban_foodie,2025-03-02,false
C00314,R_N,2024-06-20,ppc,urban_foodie,2024-08-15,false
C00315,R_N,2024-06-19,ppc,health_seeker,2024-10-09,false
C00316,R_N,2024-06-23,,health_seeker,2024-10-27,true
C00317,R_N,2024-06-20,,urban_foodie,2024-08-15,true
C00318,R_N,2024-06-22,,health_seeker,2025-04-12,false
C00319,R_N,2024-06-22,ppc,urban_foodie,2024-12-07,false
C00320,R_S,2024-06-18,ppc,urban_foodie,2024-11-05,false
C00321,R_S,2024-06-22,,health_seeker,2025-02-15,true
C00322,R_S,2024-06-22,ppc,urban_foodie,2025-03-08,false
C00323,R_S,2024-06-20,ppc,urban_foodie,2024-10-24,false
C00324,R_S,2024-06-20,ppc,health_seeker,2024-11-07,false
C00325,R_N,2024-06-27,ppc,health_seeker,2024-09-12,false
C00326,R_N,2024-06-29,,health_seeker,2025-06-28,false
C00327,R_N,2024-06-26,ppc,urban_foodie,2025-06-25,false
C00328,R_N,2024-06-24,ppc,health_seeker,2024-12-30,false
C00329,R_N,2024-06-27,ppc,urban_foodie,2025-04-24,false
C00330,R_N,2024-06-27,ppc,health_seeker,2025-02-27,false
C00331,R_N,2024-06-28,ppc,urban_foodie,2024-08-30,true
C00332,R_N,2024-06-28,ppc,urban_foodie,2025-05-09,false
C00333,R_S,2024-06-25,ppc,health_seeker,2025-01-07,true
C00334,R_S,2024-06-24,ppc,urban_foodie,2025-08-04,false
C00335,R_S,2024-06-26,,urban_foodie,2025-02-12,false
C00336,R_S,2024-06-26,ppc,health_seeker,2025-01-15,false
C00337,R_S,2024-06-29,ppc,health_seeker,2024-09-21,true
C00338,R_N,2024-07-03,ppc,health_seeker,2025-06-11,false
C00339,R_N,2024-07-03,ppc,health_seeker,2025-01-22,false
C00340,R_N,2024-07-05,ppc,health_seeker,2025-07-18,false
C00341,R_N,2024-07-05,ppc,urban_foodie,2024-11-29,false
C00342,R_N,2024-07-06,ppc,health_seeker,2024-10-12,false
C00343,R_N,2024-07-01,ppc,urban_foodie,2025-01-06,false
C00344,R_N,2024-07-03,ppc,health_seeker,2024-08-28,true
C00345,R_N,2024-07-07,ppc,urban_foodie,2025-07-06,true
C00346,R_S,2024-07-05,ppc,health_seeker,2024-09-20,false
C00347,R_S,2024-07-05,ppc,health_seeker,2025-05-02,true
C00348,R_S,2024-07-06,ppc,health_seeker,2025-02-22,true
C00349,R_S,2024-07-07,ppc,health_seeker,2025-01-05,true
C00350,R_S,2024-07-07,ppc,health_seeker,2025-03-16,false
C00351,R_N,2024-07-13,,urban_foodie,2025-02-01,false
C00352,R_N,2024-07-08,ppc,urban_foodie,2025-03-03,false
C00353,R_N,2024-07-14,ppc,urban_foodie,2025-01-12,false
C00354,R_N,2024-07-11,ppc,health_seeker,2025-01-09,true
C00355,R_N,2024-07-08,ppc,urban_foodie,2024-09-09,false
C00356,R_N,2024-07-14,ppc,urban_foodie,2025-06-01,false
C00357,R_N,2024-07-11,ppc,urban_foodie,2025-06-26,true
C00358,R_N,2024-07-08,ppc,health_seeker,2025-04-14,false
C00359,R_S,2024-07-13,ppc,urban_foodie,2025-06-28,true
C00360,R_S,2024-07-09,ppc,health_seeker,2025-02-04,false
C00361,R_S,2024-07-11,ppc,urban_foodie,2025-05-01,false
C00362,R_S,2024-07-12,ppc,health_seeker,2024-10-25,true
C00363,R_S,2024-07-13,ppc,urban_foodie,2025-07-19,false
C00364,R_N,2024-07-18,ppc,health_seeker,2024-10-10,false
C00365,R_N,2024-07-15,ppc,health_seeker,2025-07-21,true
C00366,R_N,2024-07-15,ppc,urban_foodie,2025-02-10,false
C00367,R_N,2024-07-21,ppc,urban_foodie,2025-01-26,false
C00368,R_N,2024-07-15,,health_seeker,2024-09-09,false
C00369,R_N,2024-07-17,ppc,urban_foodie,2025-06-18,false
C00370,R_N,2024-07-17,ppc,health_seeker,2024-11-13,false
C00371,R_N,2024-07-17,ppc,health_seeker,2025-06-11,false
C00372,R_S,2024-07-19,ppc,health_seeker,2024-12-13,false
C00373,R_S,2024-07-19,ppc,urban_foodie,2025-01-17,false
C00374,R_S,2024-07-15,ppc,urban_foodie,2025-06-02,false
C00375,R_S,2024-07-16,,health_seeker,2025-07-22,true
C00376,R_S,2024-07-16,ppc,urban_foodie,2025-02-11,true
C00377,R_N,2024-07-23,ppc,urban_foodie,2025-08-19,false
C00378,R_N,2024-07-28,ppc,urban_foodie,2025-04-20,false
C00379,R_N,2024-07-24,ppc,urban_foodie,2025-01-29,true
C00380,R_N,2024-07-26,ppc,health_seeker,2025-08-01,false
C00381,R_N,2024-07-24,ppc,urban_foodie,2024-12-25,false
C00382,R_N,2024-07-26,ppc,urban_foodie,2024-11-22,false
C00383,R_N,2024-07-26,,urban_foodie,2025-02-28,true
C00384,R_N,2024-07-24,ppc,urban_foodie,2025-08-27,false
C00385,R_S,2024-07-24,,urban_foodie,2025-02-12,false
C00386,R_S,2024-07-22,ppc,health_seeker,2025-03-17,true
C00387,R_S,2024-07-22,ppc,urban_foodie,2024-09-16,false
C00388,R_S,2024-07-28,,urban_foodie,2025-04-20,false
C00389,R_S,2024-07-24,,health_seeker,2025-06-25,false
C00390,R_N,2024-08-03,ppc,urban_foodie,2025-07-26,false
C00391,R_N,2024-08-01,ppc,urban_foodie,2024-10-31,false
C00392,R_N,2024-08-02,ppc,urban_foodie,2024-11-01,false
C00393,R_N,2024-08-04,,health_seeker,2024-11-10,false
C00394,R_N,2024-08-01,ppc,health_seeker,2024-12-05,false
C00395,R_N,2024-08-03,,urban_foodie,2024-11-02,false
C00396,R_N,2024-08-02,ppc,health_seeker,2025-01-17,false
C00397,R_N,2024-08-02,,health_seeker,2025-08-01,false
C00398,R_N,2024-08-03,,urban_foodie,2025-01-25,true
C00399,R_N,2024-08-03,ppc,health_seeker,2025-06-14,false
C00400,R_N,2024-08-02,ppc,health_seeker,2025-07-04,false
C00401,R_N,2024-08-03,ppc,urban_foodie,2024-11-02,false
C00402,R_S,2024-07-31,ppc,health_seeker,2025-01-01,false
C00403,R_S,2024-08-02,,urban_foodie,2025-07-04,true
C00404,R_S,2024-08-02,ppc,urban_foodie,2025-06-20,true
C00405,R_S,2024-08-01,ppc,urban_foodie,2024-10-03,false
C00406,R_S,2024-07-30,ppc,urban_foodie,2024-10-08,true
C00407,R_N,2024-08-09,ppc,urban_foodie,2024-11-29,false
C00408,R_N,2024-08-06,,urban_foodie,2025-02-04,false
C00409,R_N,2024-08-08,ppc,health_seeker,2024-11-21,false
C00410,R_N,2024-08-10,,health_seeker,2025-01-11,false
C00411,R_N,2024-08-06,ppc,urban_foodie,2025-03-04,false
C00412,R_N,2024-08-11,,urban_foodie,2025-01-12,false
C00413,R_N,2024-08-07,ppc,urban_foodie,2024-12-25,false
C00414,R_N,2024-08-05,ppc,health_seeker,2025-07-28,false
C00415,R_N,2024-08-06,ppc,health_seeker,2025-05-06,false
C00416,R_N,2024-08-05,ppc,health_seeker,2025-07-21,false
C00417,R_N,2024-08-05,ppc,health_seeker,2025-04-07,true
C00418,R_N,2024-08-10,,urban_foodie,2024-10-26,false
C00419,R_S,2024-08-05,,health_seeker,2025-06-16,false
C00420,R_S,2024-08-09,ppc,urban_foodie,2024-12-06,false
C00421,R_S,2024-08-11,ppc,health_seeker,2025-03-16,false
C00422,R_S,2024-08-05,ppc,urban_foodie,2025-06-23,false
C00423,R_S,2024-08-06,,urban_foodie,2025-02-25,false
C00424,R_N,2024-08-15,ppc,health_seeker,2025-09-25,false
C00425,R_N,2024-08-14,ppc,urban_foodie,2025-02-05,false
C00426,R_N,2024-08-13,,urban_foodie,2025-03-11,false
C00427,R_N,2024-08-16,ppc,health_seeker,2025-05-02,true
C00428,R_N,2024-08-18,,health_seeker,2025-09-07,false
C00429,R_N,2024-08-14,,urban_foodie,2025-05-21,false
C00430,R_N,2024-08-14,,urban_foodie,2025-07-16,false
C00431,R_N,2024-08-13,ppc,urban_foodie,2024-11-05,false
C00432,R_N,2024-08-15,,urban_foodie,2025-02-13,true
C00433,R_N,2024-08-18,ppc,urban_foodie,2025-08-10,false
C00434,R_N,2024-08-14,,urban_foodie,2025-01-01,false
C00435,R_N,2024-08-17,,urban_foodie,2025-03-29,false
C00436,R_S,2024-08-17,ppc,urban_foodie,2025-06-28,true
C00437,R_S,2024-08-16,,urban_foodie,2024-12-27,false
C00438,R_S,2024-08-16,,health_seeker,2024-12-27,false
C00439,R_S,2024-08-16,ppc,health_seeker,2025-07-25,true
C00440,R_S,2024-08-17,ppc,health_seeker,2025-06-07,false
C00441,R_N,2024-08-21,ppc,urban_foodie,2025-07-16,false
C00442,R_N,2024-08-23,ppc,health_seeker,2025-05-02,false
C00443,R_N,2024-08-20,ppc,urban_foodie,2025-08-12,true
C00444,R_N,2024-08-21,ppc,health_seeker,2024-12-11,false
C00445,R_N,2024-08-23,ppc,urban_foodie,2025-09-12,true
C00446,R_N,2024-08-25,,health_seeker,2025-05-04,false
C00447,R_N,2024-08-19,,health_seeker,2024-12-09,false
C00448,R_N,2024-08-24,ppc,health_seeker,2025-02-01,false
C00449,R_N,2024-08-24,ppc,urban_foodie,2025-01-11,true
C00450,R_N,2024-08-25,,health_seeker,2025-01-12,false
C00451,R_N,2024-08-20,ppc,health_seeker,2025-03-11,false
C00452,R_N,2024-08-21,ppc,health_seeker,2024-11-06,true
C00453,R_S,2024-08-23,ppc,health_seeker,2025-09-12,true
C00454,R_S,2024-08-22,ppc,health_seeker,2025-04-10,false
C00455,R_S,2024-08-24,,health_seeker,2025-07-05,false
C00456,R_S,2024-08-19,,health_seeker,2025-06-16,false
C00457,R_S,2024-08-22,,urban_foodie,2025-09-25,true
C00458,R_N,2024-08-26,,urban_foodie,2024-12-30,false
C00459,R_N,2024-08-30,ppc,urban_foodie,2025-01-17,false
C00460,R_N,2024-08-27,ppc,urban_foodie,2024-12-03,false
C00461,R_N,2024-09-01,,health_seeker,2025-02-16,false
C00462,R_N,2024-08-30,ppc,urban_foodie,2025-09-12,false
C00463,R_N,2024-08-26,ppc,health_seeker,2025-05-12,false
C00464,R_N,2024-08-30,ppc,health_seeker,2025-06-27,false
C00465,R_N,2024-08-29,ppc,health_seeker,2025-09-11,false
C00466,R_N,2024-09-01,ppc,health_seeker,2025-06-08,false
C00467,R_N,2024-08-29,,urban_foodie,2025-06-05,true
C00468,R_N,2024-08-27,ppc,health_seeker,2025-02-11,false
C00469,R_N,2024-08-28,,health_seeker,2024-11-27,false
C00470,R_S,2024-08-27,ppc,health_seeker,2025-08-19,false
C00471,R_S,2024-08-30,,urban_foodie,2025-06-13,false
C00472,R_S,2024-08-30,,health_seeker,2025-05-02,true
C00473,R_S,2024-08-30,ppc,urban_foodie,2025-08-22,false
C00474,R_S,2024-08-28,ppc,health_seeker,2025-08-13,false
C00475,R_N,2024-09-06,ppc,urban_foodie,2025-08-15,false
C00476,R_N,2024-09-05,ppc,urban_foodie,2024-12-26,false
C00477,R_N,2024-09-07,ppc,health_seeker,2025-02-01,false
C00478,R_N,2024-09-07,ppc,health_seeker,2025-07-12,false
C00479,R_N,2024-09-02,ppc,urban_foodie,2025-05-05,false
C00480,R_N,2024-09-08,,urban_foodie,2025-02-09,false
C00481,R_N,2024-09-02,ppc,urban_foodie,2025-09-15,false
C00482,R_N,2024-09-07,ppc,urban_foodie,2025-09-27,false
C00483,R_N,2024-09-07,,health_seeker,2025-09-06,false
C00484,R_N,2024-09-04,ppc,health_seeker,2025-03-12,true
C00485,R_N,2024-09-06,ppc,urban_foodie,2025-08-15,false
C00486,R_N,2024-09-05,ppc,urban_foodie,2024-12-26,false
C00487,R_S,2024-09-06,,health_seeker,2025-03-07,false
C00488,R_S,2024-09-07,ppc,health_seeker,2025-06-07,false
C00489,R_S,2024-09-06,,urban_foodie,2025-06-13,false
C00490,R_S,2024-09-02,,urban_foodie,2025-06-30,false
C00491,R_S,2024-09-04,ppc,urban_foodie,2025-09-17,false
C00492,R_N,2024-09-11,ppc,urban_foodie,2024-11-13,false
C00493,R_N,2024-09-10,,health_seeker,2024-11-26,false
C00494,R_N,2024-09-10,ppc,health_seeker,2024-12-31,false
C00495,R_N,2024-09-15,ppc,health_seeker,2025-06-22,false
C00496,R_N,2024-09-13,ppc,urban_foodie,2025-04-18,false
C00497,R_N,2024-09-15,,urban_foodie,2024-11-24,false
C00498,R_N,2024-09-15,,health_seeker,2025-06-01,false
C00499,R_N,2024-09-09,ppc,health_seeker,2024-11-04,false
C00500,R_N,2024-09-13,ppc,health_seeker,2024-12-06,false
C00501,R_N,2024-09-14,,health_seeker,2025-08-30,false
C00502,R_N,2024-09-12,ppc,urban_foodie,2025-01-23,false
C00503,R_N,2024-09-09,,health_seeker,2024-11-11,true
C00504,R_S,2024-09-14,ppc,urban_foodie,2025-09-20,false
C00505,R_S,2024-09-10,ppc,health_seeker,2025-05-27,false
C00506,R_S,2024-09-09,ppc,urban_foodie,2025-05-12,false
C00507,R_S,2024-09-13,ppc,urban_foodie,2025-04-04,false
C00508,R_S,2024-09-12,ppc,health_seeker,2025-09-11,true
C00509,R_N,2024-09-21,ppc,urban_foodie,2025-01-04,false
C00510,R_N,2024-09-17,,health_seeker,2024-12-17,true
C00511,R_N,2024-09-17,ppc,health_seeker,2025-07-22,false
C00512,R_N,2024-09-20,ppc,health_seeker,2025-02-21,false
C00513,R_N,2024-09-19,ppc,health_seeker,2025-09-18,true
C00514,R_N,2024-09-21,ppc,health_seeker,2025-11-08,false
C00515,R_N,2024-09-18,,health_seeker,2025-04-02,true
C00516,R_N,2024-09-18,ppc,health_seeker,2025-07-02,true
C00517,R_N,2024-09-22,ppc,urban_foodie,2025-07-13,false
C00518,R_N,2024-09-20,,urban_foodie,2025-02-28,true
C00519,R_N,2024-09-19,ppc,health_seeker,2025-10-16,false
C00520,R_N,2024-09-17,ppc,urban_foodie,2025-10-14,false
C00521,R_S,2024-09-21,ppc,urban_foodie,2025-10-04,true
C00522,R_S,2024-09-20,ppc,health_seeker,2025-06-27,false
C00523,R_S,2024-09-16,ppc,health_seeker,2025-08-04,false
C00524,R_S,2024-09-19,,health_seeker,2025-06-12,false
C00525,R_S,2024-09-17,ppc,health_seeker,2025-05-13,false
C00526,R_N,2024-09-23,ppc,urban_foodie,2025-01-27,true
C00527,R_N,2024-09-27,ppc,health_seeker,2025-02-07,false
C00528,R_N,2024-09-28,ppc,health_seeker,2025-04-05,false
C00529,R_N,2024-09-26,ppc,urban_foodie,2025-02-13,false
C00530,R_N,2024-09-23,ppc,urban_foodie,2024-11-18,false
C00531,R_N,2024-09-27,ppc,health_seeker,2025-10-03,false
C00532,R_N,2024-09-26,ppc,urban_foodie,2025-11-06,true
C00533,R_N,2024-09-27,,health_seeker,2025-03-14,true
C00534,R_N,2024-09-29,,health_seeker,2024-12-29,true
C00535,R_N,2024-09-24,ppc,urban_foodie,2025-06-17,true
C00536,R_N,2024-09-26,ppc,health_seeker,2025-11-13,false
C00537,R_N,2024-09-24,ppc,health_seeker,2025-04-01,false
C00538,R_S,2024-09-24,ppc,urban_foodie,2024-12-24,false
C00539,R_S,2024-09-29,ppc,health_seeker,2025-04-06,false
C00540,R_S,2024-09-25,,health_seeker,2025-03-19,false
C00541,R_S,2024-09-26,,health_seeker,2025-10-16,false
C00542,R_S,2024-09-28,ppc,urban_foodie,2025-11-15,false
C00543,R_N,2024-10-01,ppc,health_seeker,2025-09-30,false
C00544,R_N,2024-10-03,,health_seeker,2025-07-24,false
C00545,R_N,2024-09-30,ppc,urban_foodie,2025-05-12,false
C00546,R_N,2024-10-03,ppc,urban_foodie,2025-01-30,false
C00547,R_N,2024-10-01,ppc,urban_foodie,2025-11-04,false
C00548,R_N,2024-09-30,,urban_foodie,2025-05-12,false
C00549,R_N,2024-09-30,,health_seeker,2025-10-20,false
C00550,R_N,2024-09-30,,health_seeker,2025-07-28,true
C00551,R_N,2024-10-06,ppc,urban_foodie,2025-01-26,true
C00552,R_N,2024-10-05,ppc,health_seeker,2025-04-19,false
C00553,R_N,2024-10-01,,health_seeker,2025-01-21,false
C00554,R_N,2024-10-04,ppc,health_seeker,2024-12-06,false
C00555,R_S,2024-10-01,ppc,health_seeker,2025-08-12,false
C00556,R_S,2024-10-03,ppc,urban_foodie,2024-12-19,true
C00557,R_S,2024-10-03,ppc,health_seeker,2025-01-30,false
C00558,R_S,2024-10-05,,health_seeker,2025-02-01,false
C00559,R_S,2024-10-06,ppc,health_seeker,2025-08-03,false
C00560,R_N,2024-10-10,ppc,health_seeker,2025-06-19,false
C00561,R_N,2024-10-13,ppc,health_seeker,2024-12-15,true
C00562,R_N,2024-10-07,,health_seeker,2025-06-30,true
C00563,R_N,2024-10-08,,urban_foodie,2024-12-31,false
C00564,R_N,2024-10-07,ppc,health_seeker,2025-01-13,true
C00565,R_N,2024-10-12,ppc,urban_foodie,2025-08-02,false
C00566,R_N,2024-10-12,ppc,urban_foodie,2025-05-31,false
C00567,R_N,2024-10-07,ppc,urban_foodie,2025-09-15,false
C00568,R_N,2024-10-11,ppc,health_seeker,2025-01-24,false
C00569,R_N,2024-10-09,ppc,urban_foodie,2025-01-22,false
C00570,R_N,2024-10-10,ppc,health_seeker,2025-07-17,false
C00571,R_N,2024-10-12,ppc,urban_foodie,2025-06-07,true
C00572,R_S,2024-10-07,ppc,urban_foodie,2025-05-05,false
C00573,R_S,2024-10-11,,health_seeker,2025-04-11,false
C00574,R_S,2024-10-09,ppc,health_seeker,2025-04-02,false
C00575,R_S,2024-10-07,ppc,urban_foodie,2025-05-19,false
C00576,R_S,2024-10-07,ppc,health_seeker,2025-08-25,false
C00577,R_N,2024-10-17,ppc,urban_foodie,2025-09-11,true
C00578,R_N,2024-10-20,ppc,health_seeker,2025-10-26,false
C00579,R_N,2024-10-14,ppc,urban_foodie,2025-11-03,false
C00580,R_N,2024-10-19,ppc,urban_foodie,2025-10-18,false
C00581,R_N,2024-10-15,ppc,health_seeker,2025-09-23,false
C00582,R_N,2024-10-19,,urban_foodie,2025-06-14,false
C00583,R_N,2024-10-18,ppc,health_seeker,2025-08-22,true
C00584,R_N,2024-10-17,ppc,health_seeker,2025-11-13,false
C00585,R_N,2024-10-15,ppc,urban_foodie,2024-12-17,true
C00586,R_N,2024-10-18,ppc,urban_foodie,2024-12-13,false
C00587,R_N,2024-10-18,ppc,health_seeker,2024-12-13,false
C00588,R_N,2024-10-20,,health_seeker,2025-05-11,true
C00589,R_S,2024-10-18,,health_seeker,2025-11-28,false
C00590,R_S,2024-10-15,ppc,urban_foodie,2025-10-21,true
C00591,R_S,2024-10-19,,health_seeker,2025-09-13,false
C00592,R_S,2024-10-14,,health_seeker,2025-08-04,false
C00593,R_S,2024-10-15,ppc,health_seeker,2025-02-25,false
C00594,R_N,2024-10-26,ppc,health_seeker,2025-10-18,true
C00595,R_N,2024-10-26,ppc,urban_foodie,2025-07-12,false
C00596,R_N,2024-10-27,,urban_foodie,2024-12-29,false
C00597,R_N,2024-10-23,ppc,health_seeker,2025-03-26,false
C00598,R_N,2024-10-22,ppc,urban_foodie,2025-01-21,false
C00599,R_N,2024-10-22,,health_seeker,2024-12-17,false
C00600,R_N,2024-10-22,ppc,health_seeker,2025-02-25,false
C00601,R_N,2024-10-24,ppc,urban_foodie,2025-03-13,false
C00602,R_N,2024-10-23,ppc,health_seeker,2025-09-10,false
C00603,R_N,2024-10-22,ppc,urban_foodie,2025-06-17,false
C00604,R_N,2024-10-22,ppc,urban_foodie,2025-10-07,false
C00605,R_N,2024-10-27,ppc,urban_foodie,2025-11-23,false
C00606,R_S,2024-10-26,ppc,health_seeker,2025-02-08,false
C00607,R_S,2024-10-26,,urban_foodie,2025-05-10,true
C00608,R_S,2024-10-21,ppc,health_seeker,2025-09-08,false
C00609,R_S,2024-10-25,ppc,urban_foodie,2025-07-11,false
C00610,R_S,2024-10-25,ppc,health_seeker,2025-11-28,false
C00611,R_N,2024-11-01,ppc,urban_foodie,2025-02-28,false
C00612,R_N,2024-10-30,ppc,urban_foodie,2025-06-18,true
C00613,R_N,2024-10-28,ppc,urban_foodie,2025-12-01,false
C00614,R_N,2024-10-28,ppc,health_seeker,2025-03-03,false
C00615,R_N,2024-10-28,ppc,urban_foodie,2025-02-17,false
C00616,R_N,2024-11-01,ppc,urban_foodie,2025-03-21,true
C00617,R_N,2024-10-28,ppc,urban_foodie,2025-09-08,false
C00618,R_N,2024-10-29,ppc,urban_foodie,2025-05-06,false
C00619,R_N,2024-10-31,ppc,urban_foodie,2025-02-27,true
C00620,R_N,2024-10-31,,urban_foodie,2025-02-06,false
C00621,R_N,2024-10-29,ppc,urban_foodie,2025-10-28,false
C00622,R_N,2024-10-29,ppc,health_seeker,2025-10-21,true
C00623,R_S,2024-11-01,ppc,health_seeker,2025-05-16,true
C00624,R_S,2024-10-28,,urban_foodie,2025-11-17,false
C00625,R_S,2024-11-01,,health_seeker,2025-05-16,false
C00626,R_S,2024-11-01,ppc,health_seeker,2025-09-26,false
C00627,R_S,2024-10-29,ppc,health_seeker,2025-01-28,false
C00628,R_N,2024-11-08,ppc,health_seeker,2025-02-14,false
C00629,R_N,2024-11-09,,health_seeker,2025-07-12,false
C00630,R_N,2024-11-04,ppc,urban_foodie,2025-12-22,true
C00631,R_N,2024-11-08,,health_seeker,2025-02-28,false
C00632,R_N,2024-11-08,ppc,urban_foodie,2025-08-22,true
C00633,R_N,2024-11-06,ppc,urban_foodie,2025-02-19,false
C00634,R_N,2024-11-06,,health_seeker,2025-11-05,false
C00635,R_N,2024-11-08,,health_seeker,2025-06-20,false
C00636,R_N,2024-11-10,ppc,urban_foodie,2025-09-21,false
C00637,R_N,2024-11-07,ppc,health_seeker,2025-04-10,true
C00638,R_N,2024-11-08,ppc,health_seeker,2025-07-18,false
C00639,R_N,2024-11-05,ppc,health_seeker,2025-06-17,false
C00640,R_S,2024-11-10,ppc,health_seeker,2025-07-06,false
C00641,R_S,2024-11-09,ppc,urban_foodie,2025-08-23,false
C00642,R_S,2024-11-05,ppc,health_seeker,2025-12-23,false
C00643,R_S,2024-11-08,ppc,health_seeker,2025-08-22,false
C00644,R_S,2024-11-04,ppc,urban_foodie,2025-10-13,false
C00645,R_N,2024-11-12,ppc,urban_foodie,2025-11-18,false
C00646,R_N,2024-11-13,ppc,health_seeker,2025-05-28,false
C00647,R_N,2024-11-13,ppc,urban_foodie,2025-02-26,false
C00648,R_N,2024-11-11,ppc,health_seeker,2025-11-03,true
C00649,R_N,2024-11-15,,health_seeker,2025-06-13,false
C00650,R_N,2024-11-16,,health_seeker,2025-04-05,false
C00651,R_N,2024-11-13,,health_seeker,2025-06-11,false
C00652,R_N,2024-11-14,,health_seeker,2025-02-27,false
C00653,R_N,2024-11-11,ppc,urban_foodie,2025-06-02,true
C00654,R_N,2024-11-17,,health_seeker,2025-06-15,true
C00655,R_N,2024-11-15,ppc,urban_foodie,2025-06-06,false
C00656,R_N,2024-11-16,ppc,urban_foodie,2025-09-27,false
C00657,R_S,2024-11-11,ppc,health_seeker,2025-03-17,false
C00658,R_S,2024-11-17,ppc,health_seeker,2025-04-27,false
C00659,R_S,2024-11-17,ppc,urban_foodie,2025-03-02,false
C00660,R_S,2024-11-17,,urban_foodie,2025-05-11,false
C00661,R_S,2024-11-12,ppc,urban_foodie,2025-12-09,false
C00662,R_N,2024-11-21,ppc,health_seeker,2025-06-12,false
C00663,R_N,2024-11-23,,urban_foodie,2025-05-31,false
C00664,R_N,2024-11-20,ppc,urban_foodie,2025-04-23,false
C00665,R_N,2024-11-20,,health_seeker,2025-07-09,false
C00666,R_N,2024-11-23,ppc,urban_foodie,2025-06-21,false
C00667,R_N,2024-11-18,ppc,health_seeker,2025-09-08,false
C00668,R_N,2024-11-20,ppc,health_seeker,2025-03-26,false
C00669,R_N,2024-11-24,ppc,urban_foodie,2025-01-26,false
C00670,R_S,2024-11-22,ppc,urban_foodie,2025-07-04,false
C00671,R_S,2024-11-18,,health_seeker,2025-06-09,false
C00672,R_S,2024-11-18,ppc,urban_foodie,2025-10-27,false
C00673,R_S,2024-11-24,ppc,health_seeker,2025-03-02,true
C00674,R_S,2024-11-18,ppc,health_seeker,2025-03-24,false
C00675,R_N,2024-11-27,,urban_foodie,2025-02-05,false
C00676,R_N,2024-11-27,ppc,health_seeker,2025-07-02,false
C00677,R_N,2024-11-30,,health_seeker,2025-11-15,false
C00678,R_N,2024-11-30,,urban_foodie,2025-06-07,false
C00679,R_N,2024-11-28,,health_seeker,2025-08-14,false
C00680,R_N,2024-11-25,,health_seeker,2025-06-09,false
C00681,R_N,2024-11-28,,health_seeker,2025-11-20,false
C00682,R_N,2024-11-25,ppc,urban_foodie,2026-01-05,false
C00683,R_S,2024-11-30,,health_seeker,2025-06-21,false
C00684,R_S,2024-11-28,ppc,health_seeker,2025-01-30,false
C00685,R_S,2024-12-01,ppc,urban_foodie,2025-02-02,false
C00686,R_S,2024-12-01,ppc,urban_foodie,2025-12-14,false
C00687,R_S,2024-11-25,ppc,urban_foodie,2025-04-28,true
C00688,R_N,2024-12-04,,urban_foodie,2025-11-05,false
C00689,R_N,2024-12-04,ppc,urban_foodie,2025-04-09,false
C00690,R_N,2024-12-03,ppc,health_seeker,2025-07-22,true
C00691,R_N,2024-12-04,ppc,urban_foodie,2025-06-04,false
C00692,R_N,2024-12-08,ppc,urban_foodie,2025-03-30,false
C00693,R_N,2024-12-03,ppc,health_seeker,2025-10-28,false
C00694,R_N,2024-12-04,ppc,health_seeker,2025-08-20,false
C00695,R_N,2024-12-04,ppc,health_seeker,2025-03-12,true
C00696,R_S,2024-12-04,ppc,health_seeker,2025-05-21,false
C00697,R_S,2024-12-03,ppc,urban_foodie,2025-02-18,false
C00698,R_S,2024-12-08,ppc,health_seeker,2025-10-12,false
C00699,R_S,2024-12-08,ppc,health_seeker,2025-09-28,false
C00700,R_S,2024-12-02,ppc,health_seeker,2026-01-12,true
C00701,R_N,2024-12-15,ppc,urban_foodie,2025-03-16,false
C00702,R_N,2024-12-14,ppc,health_seeker,2025-03-22,true
C00703,R_N,2024-12-09,ppc,urban_foodie,2025-11-17,false
C00704,R_N,2024-12-10,ppc,urban_foodie,2026-01-20,false
C00705,R_N,2024-12-11,,urban_foodie,2025-11-12,true
C00706,R_N,2024-12-15,ppc,health_seeker,2025-05-25,false
C00707,R_N,2024-12-14,ppc,urban_foodie,2025-11-01,false
C00708,R_N,2024-12-15,ppc,urban_foodie,2025-02-23,false
C00709,R_S,2024-12-15,ppc,health_seeker,2025-07-20,false
C00710,R_S,2024-12-09,ppc,health_seeker,2025-09-15,true
C00711,R_S,2024-12-14,ppc,urban_foodie,2025-11-15,false
C00712,R_S,2024-12-13,ppc,urban_foodie,2025-03-14,false
C00713,R_S,2024-12-14,ppc,health_seeker,2025-09-20,false
C00714,R_N,2024-12-22,,urban_foodie,2025-03-16,false
C00715,R_N,2024-12-22,ppc,health_seeker,2025-05-25,true
C00716,R_N,2024-12-16,ppc,health_seeker,2025-09-01,false
C00717,R_N,2024-12-16,ppc,health_seeker,2025-03-24,false
C00718,R_N,2024-12-17,ppc,urban_foodie,2025-04-22,false
C00719,R_N,2024-12-16,ppc,health_seeker,2025-08-18,false
C00720,R_N,2024-12-17,ppc,health_seeker,2026-01-20,false
C00721,R_N,2024-12-18,ppc,urban_foodie,2025-12-10,false
C00722,R_S,2024-12-20,,health_seeker,2025-04-11,false
C00723,R_S,2024-12-20,ppc,urban_foodie,2026-01-16,false
C00724,R_S,2024-12-17,ppc,health_seeker,2026-01-27,false
C00725,R_S,2024-12-20,,health_seeker,2025-04-04,false
C00726,R_S,2024-12-18,,urban_foodie,2025-08-20,false
C00727,R_N,2024-12-29,ppc,health_seeker,2025-06-08,false
C00728,R_N,2024-12-27,ppc,urban_foodie,2025-12-05,false
C00729,R_N,2024-12-24,ppc,health_seeker,2025-05-13,false
C00730,R_N,2024-12-23,ppc,urban_foodie,2025-12-15,false
C00731,R_N,2024-12-25,,urban_foodie,2025-07-23,false
C00732,R_N,2024-12-23,,health_seeker,2025-08-04,true
C00733,R_N,2024-12-24,ppc,health_seeker,2025-04-29,false
C00734,R_N,2024-12-23,ppc,urban_foodie,2025-11-10,false
C00735,R_S,2024-12-28,,urban_foodie,2025-05-31,false
C00736,R_S,2024-12-23,ppc,urban_foodie,2025-02-17,false
C00737,R_S,2024-12-27,ppc,health_seeker,2025-02-21,false
C00738,R_S,2024-12-24,,urban_foodie,2025-03-11,false
C00739,R_S,2024-12-23,ppc,health_seeker,2025-06-09,false
C00740,R_N,2025-01-05,,urban_foodie,2025-11-30,false
C00741,R_N,2025-01-02,ppc,health_seeker,2025-11-13,false
C00742,R_N,2024-12-31,ppc,urban_foodie,2025-07-01,false
C00743,R_N,2025-01-02,ppc,health_seeker,2025-09-04,false
C00744,R_N,2025-01-02,,health_seeker,,true
C00745,R_N,2025-01-01,ppc,urban_foodie,2025-10-29,false
C00746,R_N,2025-01-05,ppc,health_seeker,2025-05-25,true
C00747,R_N,2025-01-01,ppc,urban_foodie,2025-04-02,false
C00748,R_S,2025-01-01,ppc,health_seeker,2025-03-19,false
C00749,R_S,2025-01-03,,health_seeker,2025-04-25,true
C00750,R_S,2024-12-31,ppc,urban_foodie,2025-05-13,false
C00751,R_S,2025-01-01,,urban_foodie,2026-02-04,false
C00752,R_S,2025-01-04,ppc,urban_foodie,2025-03-22,false
C00753,R_N,2025-01-10,,urban_foodie,2025-12-05,false
C00754,R_N,2025-01-09,,health_seeker,2025-11-06,true
C00755,R_N,2025-01-09,ppc,urban_foodie,2025-12-11,true
C00756,R_N,2025-01-10,ppc,urban_foodie,2025-04-18,true
C00757,R_N,2025-01-08,ppc,health_seeker,2025-08-06,false
C00758,R_N,2025-01-07,ppc,health_seeker,2025-04-01,false
C00759,R_N,2025-01-08,ppc,urban_foodie,2025-10-22,false
C00760,R_N,2025-01-06,ppc,urban_foodie,2025-06-30,false
C00761,R_S,2025-01-08,ppc,urban_foodie,2025-10-08,false
C00762,R_S,2025-01-12,,urban_foodie,2025-10-12,false
C00763,R_S,2025-01-06,ppc,health_seeker,2025-10-06,false
C00764,R_S,2025-01-08,ppc,health_seeker,2025-08-06,false
C00765,R_S,2025-01-08,,health_seeker,2026-01-21,false
C00766,R_N,2025-01-15,,health_seeker,2025-03-12,true
C00767,R_N,2025-01-15,ppc,health_seeker,2025-09-10,true
C00768,R_N,2025-01-14,ppc,health_seeker,2025-05-06,false
C00769,R_N,2025-01-17,,urban_foodie,2025-08-01,true
C00770,R_N,2025-01-13,ppc,health_seeker,2026-01-26,false
C00771,R_N,2025-01-19,,health_seeker,2025-04-13,true
C00772,R_N,2025-01-17,ppc,urban_foodie,2025-08-22,false
C00773,R_N,2025-01-13,ppc,urban_foodie,2025-07-28,false
C00774,R_S,2025-01-19,,urban_foodie,2025-09-07,false
C00775,R_S,2025-01-16,ppc,health_seeker,2025-05-01,true
C00776,R_S,2025-01-16,ppc,health_seeker,2025-04-17,false
C00777,R_S,2025-01-16,ppc,urban_foodie,2025-07-10,true
C00778,R_S,2025-01-14,,health_seeker,2025-12-16,false
C00779,R_N,2025-01-21,ppc,urban_foodie,2025-09-23,false
C00780,R_N,2025-01-25,ppc,health_seeker,2025-08-02,false
C00781,R_N,2025-01-20,,urban_foodie,2026-01-19,false
C00782,R_N,2025-01-22,ppc,health_seeker,2026-01-07,false
C00783,R_N,2025-01-24,,health_seeker,2025-12-12,false
C00784,R_N,2025-01-23,ppc,urban_foodie,2025-12-25,true
C00785,R_N,2025-01-24,ppc,health_seeker,2025-09-05,false
C00786,R_N,2025-01-22,ppc,health_seeker,,true
C00787,R_S,2025-01-26,,health_seeker,2025-04-20,true
C00788,R_S,2025-01-21,,urban_foodie,2026-01-06,false
C00789,R_S,2025-01-22,ppc,urban_foodie,2025-07-30,false
C00790,R_S,2025-01-24,ppc,urban_foodie,2025-10-24,false
C00791,R_S,2025-01-22,ppc,health_seeker,2025-07-09,true
C00792,R_N,2025-01-30,ppc,urban_foodie,2025-04-17,false
C00793,R_N,2025-02-02,,health_seeker,2026-01-04,false
C00794,R_N,2025-01-28,,health_seeker,2025-12-16,false
C00795,R_N,2025-02-01,ppc,urban_foodie,2025-04-19,false
C00796,R_N,2025-01-29,ppc,urban_foodie,,false
C00797,R_N,2025-01-30,ppc,health_seeker,2025-07-17,true
C00798,R_N,2025-01-29,ppc,health_seeker,,false
C00799,R_N,2025-01-28,,urban_foodie,2025-07-29,false
C00800,R_S,2025-01-30,,health_seeker,2025-06-19,false
C00801,R_S,2025-01-30,,urban_foodie,2026-02-05,false
C00802,R_S,2025-01-27,,health_seeker,2025-05-12,false
C00803,R_S,2025-01-27,ppc,urban_foodie,2025-10-20,true
C00804,R_S,2025-01-29,ppc,urban_foodie,2025-05-28,true
C00805,R_N,2025-02-08,,urban_foodie,2025-06-21,false
C00806,R_N,2025-02-04,ppc,health_seeker,2025-12-09,false
C00807,R_N,2025-02-08,ppc,urban_foodie,2025-06-07,true
C00808,R_N,2025-02-05,ppc,urban_foodie,2025-11-12,false
C00809,R_N,2025-02-04,ppc,health_seeker,2025-12-16,false
C00810,R_N,2025-02-04,,health_seeker,2025-06-03,true
C00811,R_N,2025-02-04,ppc,health_seeker,2025-09-30,true
C00812,R_N,2025-02-04,ppc,health_seeker,2026-01-13,false
C00813,R_S,2025-02-07,ppc,urban_foodie,2025-09-12,false
C00814,R_S,2025-02-06,ppc,urban_foodie,2025-04-03,false
C00815,R_S,2025-02-09,ppc,health_seeker,2025-05-25,false
C00816,R_S,2025-02-07,ppc,health_seeker,,false
C00817,R_S,2025-02-08,ppc,health_seeker,2025-09-27,false
C00818,R_N,2025-02-16,,urban_foodie,2025-12-14,false
C00819,R_N,2025-02-10,,urban_foodie,2026-02-02,false
C00820,R_N,2025-02-14,ppc,urban_foodie,2025-12-05,false
C00821,R_N,2025-02-12,ppc,urban_foodie,2025-10-01,false
C00822,R_N,2025-02-14,,health_seeker,,false
C00823,R_N,2025-02-13,ppc,health_seeker,2025-08-28,true
C00824,R_N,2025-02-13,ppc,urban_foodie,2026-01-29,false
C00825,R_N,2025-02-16,ppc,urban_foodie,2025-09-07,false
C00826,R_S,2025-02-15,ppc,urban_foodie,2025-12-13,false
C00827,R_S,2025-02-15,,urban_foodie,2025-05-10,true
C00828,R_S,2025-02-16,ppc,health_seeker,2026-01-11,false
C00829,R_S,2025-02-14,,urban_foodie,,true
C00830,R_S,2025-02-15,ppc,urban_foodie,2025-08-30,false
C00831,R_N,2025-02-22,,health_seeker,2025-08-09,true
C00832,R_N,2025-02-19,,urban_foodie,,true
C00833,R_N,2025-02-20,ppc,health_seeker,,false
C00834,R_N,2025-02-20,ppc,urban_foodie,,false
C00835,R_N,2025-02-19,ppc,health_seeker,2025-09-24,false
C00836,R_N,2025-02-21,ppc,health_seeker,,true
C00837,R_N,2025-02-22,,health_seeker,,false
C00838,R_N,2025-02-17,ppc,urban_foodie,,false
C00839,R_S,2025-02-23,ppc,health_seeker,2025-09-14,false
C00840,R_S,2025-02-22,ppc,health_seeker,2025-09-20,false
C00841,R_S,2025-02-20,,urban_foodie,2025-09-18,false
C00842,R_S,2025-02-18,ppc,urban_foodie,2025-10-21,true
C00843,R_S,2025-02-21,ppc,urban_foodie,2025-09-19,false
C00844,R_N,2025-02-26,ppc,urban_foodie,2025-07-02,false
C00845,R_N,2025-02-25,ppc,urban_foodie,2025-05-13,true
C00846,R_N,2025-03-01,ppc,urban_foodie,,false
C00847,R_N,2025-02-27,ppc,urban_foodie,2025-10-09,true
C00848,R_N,2025-02-27,ppc,health_seeker,2025-12-11,false
C00849,R_N,2025-02-27,ppc,urban_foodie,2025-07-10,false
C00850,R_N,2025-02-27,ppc,health_seeker,2025-10-30,false
C00851,R_N,2025-02-24,ppc,urban_foodie,,false
C00852,R_S,2025-03-02,ppc,urban_foodie,2025-10-19,false
C00853,R_S,2025-02-24,ppc,urban_foodie,,false
C00854,R_S,2025-02-26,ppc,urban_foodie,,false
C00855,R_S,2025-02-27,ppc,health_seeker,2025-09-18,true
C00856,R_S,2025-02-24,ppc,health_seeker,2025-05-26,false
C00857,R_N,2025-03-08,ppc,urban_foodie,,false
C00858,R_N,2025-03-04,ppc,health_seeker,,false
C00859,R_N,2025-03-05,ppc,urban_foodie,,false
C00860,R_N,2025-03-05,ppc,urban_foodie,2025-08-27,true
C00861,R_N,2025-03-03,ppc,health_seeker,2026-01-12,false
C00862,R_N,2025-03-06,ppc,urban_foodie,2025-09-11,false
C00863,R_N,2025-03-06,ppc,urban_foodie,2025-09-04,false
C00864,R_N,2025-03-07,ppc,health_seeker,2025-11-21,false
C00865,R_S,2025-03-07,,urban_foodie,,false
C00866,R_S,2025-03-08,ppc,urban_foodie,2026-01-03,false
C00867,R_S,2025-03-04,,health_seeker,,true
C00868,R_S,2025-03-07,ppc,health_seeker,2025-07-11,false
C00869,R_S,2025-03-04,ppc,health_seeker,2025-05-13,false
C00870,R_N,2025-03-11,,health_seeker,2025-10-21,true
C00871,R_N,2025-03-15,ppc,urban_foodie,2025-11-15,false
C00872,R_N,2025-03-11,ppc,urban_foodie,2025-10-14,false
C00873,R_N,2025-03-11,ppc,urban_foodie,2025-08-12,true
C00874,R_N,2025-03-13,,health_seeker,2025-07-31,false
C00875,R_N,2025-03-13,,health_seeker,2025-05-29,false
C00876,R_N,2025-03-13,ppc,urban_foodie,2026-01-22,false
C00877,R_N,2025-03-16,ppc,urban_foodie,2025-05-18,false
C00878,R_S,2025-03-14,ppc,health_seeker,2026-01-16,false
C00879,R_S,2025-03-12,ppc,health_seeker,,false
C00880,R_S,2025-03-10,ppc,health_seeker,2025-12-01,false
C00881,R_S,2025-03-12,,health_seeker,2025-12-24,false
C00882,R_S,2025-03-10,ppc,urban_foodie,2025-09-08,true
C00883,R_N,2025-03-19,ppc,health_seeker,2025-10-22,false
C00884,R_N,2025-03-17,ppc,health_seeker,2025-10-20,false
C00885,R_N,2025-03-23,ppc,health_seeker,,false
C00886,R_N,2025-03-22,ppc,health_seeker,2025-07-19,false
C00887,R_N,2025-03-17,,urban_foodie,2026-01-26,false
C00888,R_N,2025-03-17,ppc,urban_foodie,2026-01-05,true
C00889,R_N,2025-03-19,ppc,health_seeker,2025-06-18,false
C00890,R_N,2025-03-19,,health_seeker,2025-08-06,false
C00891,R_S,2025-03-20,ppc,health_seeker,2025-10-09,true
C00892,R_S,2025-03-20,,urban_foodie,2025-07-17,true
C00893,R_S,2025-03-23,ppc,urban_foodie,,false
C00894,R_S,2025-03-19,ppc,urban_foodie,2025-09-24,true
C00895,R_S,2025-03-21,ppc,health_seeker,2025-07-11,false
C00896,R_N,2025-03-30,ppc,urban_foodie,,true
C00897,R_N,2025-03-27,ppc,health_seeker,2025-07-03,false
C00898,R_N,2025-03-29,,urban_foodie,2026-02-07,false
C00899,R_N,2025-03-29,,health_seeker,2025-11-08,false
C00900,R_N,2025-03-29,ppc,health_seeker,,false
C00901,R_N,2025-03-27,,urban_foodie,2025-09-25,true
C00902,R_N,2025-03-30,,urban_foodie,2025-10-12,false
C00903,R_N,2025-03-26,,urban_foodie,2026-02-04,false
C00904,R_S,2025-03-28,ppc,urban_foodie,2025-05-30,false
C00905,R_S,2025-03-26,,urban_foodie,2026-01-14,false
C00906,R_S,2025-03-27,,urban_foodie,2025-12-25,true
C00907,R_S,2025-03-25,ppc,urban_foodie,,false
C00908,R_S,2025-03-24,ppc,health_seeker,2025-07-07,false
C00909,R_N,2025-04-06,ppc,urban_foodie,2026-01-11,false
C00910,R_N,2025-04-02,,health_seeker,,false
C00911,R_N,2025-04-02,ppc,urban_foodie,2025-10-01,false
C00912,R_N,2025-04-05,ppc,urban_foodie,,false
C00913,R_N,2025-04-05,ppc,urban_foodie,,true
C00914,R_N,2025-03-31,,health_seeker,2025-12-15,false
C00915,R_N,2025-04-01,,urban_foodie,,false
C00916,R_N,2025-04-03,,urban_foodie,,false
C00917,R_S,2025-04-04,ppc,health_seeker,2026-01-16,false
C00918,R_S,2025-03-31,ppc,urban_foodie,2025-09-15,false
C00919,R_S,2025-04-06,ppc,health_seeker,2025-11-23,false
C00920,R_S,2025-04-03,ppc,urban_foodie,,false
C00921,R_S,2025-04-04,ppc,urban_foodie,2025-10-10,false
C00922,R_N,2025-04-11,ppc,urban_foodie,2025-09-12,true
C00923,R_N,2025-04-07,ppc,health_seeker,,false
C00924,R_N,2025-04-13,ppc,health_seeker,,false
C00925,R_N,2025-04-13,ppc,health_seeker,,false
C00926,R_N,2025-04-13,ppc,health_seeker,2025-08-10,false
C00927,R_N,2025-04-11,ppc,health_seeker,,false
C00928,R_N,2025-04-10,ppc,urban_foodie,,false
C00929,R_N,2025-04-11,ppc,health_seeker,,true
C00930,R_S,2025-04-10,ppc,urban_foodie,2025-08-14,false
C00931,R_S,2025-04-07,,health_seeker,2025-08-04,true
C00932,R_S,2025-04-10,ppc,health_seeker,,false
C00933,R_S,2025-04-13,ppc,urban_foodie,2025-08-17,false
C00934,R_S,2025-04-12,ppc,urban_foodie,2025-08-02,false
C00935,R_N,2025-04-17,ppc,urban_foodie,2025-11-06,false
C00936,R_N,2025-04-17,ppc,urban_foodie,2025-06-12,true
C00937,R_N,2025-04-15,ppc,health_seeker,2025-07-15,true
C00938,R_N,2025-04-20,,health_seeker,2026-01-11,false
C00939,R_N,2025-04-18,ppc,health_seeker,2025-12-05,false
C00940,R_N,2025-04-16,,urban_foodie,,false
C00941,R_N,2025-04-17,ppc,urban_foodie,2026-01-15,false
C00942,R_N,2025-04-14,,urban_foodie,2025-06-30,false
C00943,R_S,2025-04-17,ppc,urban_foodie,,false
C00944,R_S,2025-04-17,ppc,urban_foodie,2025-06-12,false
C00945,R_S,2025-04-14,ppc,urban_foodie,,false
C00946,R_S,2025-04-18,ppc,urban_foodie,2025-09-19,true
C00947,R_S,2025-04-14,ppc,urban_foodie,,true
C00948,R_N,2025-04-26,,urban_foodie,2025-08-30,true
C00949,R_N,2025-04-25,,health_seeker,2026-01-23,false
C00950,R_N,2025-04-23,ppc,health_seeker,,false
C00951,R_N,2025-04-23,ppc,urban_foodie,2026-02-04,false
C00952,R_N,2025-04-24,,urban_foodie,,false
C00953,R_N,2025-04-24,ppc,health_seeker,,true
C00954,R_N,2025-04-27,,health_seeker,2025-07-27,false
C00955,R_N,2025-04-26,ppc,health_seeker,,false
C00956,R_S,2025-04-23,ppc,urban_foodie,,true
C00957,R_S,2025-04-27,ppc,health_seeker,2025-07-20,false
C00958,R_S,2025-04-23,ppc,urban_foodie,2025-07-02,false
C00959,R_S,2025-04-26,ppc,urban_foodie,2025-10-18,false
C00960,R_S,2025-04-24,,health_seeker,2026-01-22,false
C00961,R_N,2025-05-01,ppc,urban_foodie,,false
C00962,R_N,2025-04-28,ppc,health_seeker,2025-10-20,false
C00963,R_N,2025-04-29,,health_seeker,2026-01-20,false
C00964,R_N,2025-04-28,,health_seeker,,false
C00965,R_N,2025-04-29,ppc,health_seeker,2025-11-11,false
C00966,R_N,2025-05-04,ppc,health_seeker,2025-11-23,true
C00967,R_N,2025-05-02,ppc,health_seeker,2025-08-15,false
C00968,R_N,2025-05-03,ppc,urban_foodie,2025-09-06,true
C00969,R_S,2025-05-02,,health_seeker,2025-08-29,false
C00970,R_S,2025-05-04,ppc,health_seeker,2025-07-06,false
C00971,R_S,2025-05-01,ppc,health_seeker,,true
C00972,R_S,2025-04-30,ppc,health_seeker,,false
C00973,R_S,2025-05-03,ppc,health_seeker,2025-07-26,false
C00974,R_N,2025-05-08,,health_seeker,2026-02-05,false
C00975,R_N,2025-05-05,ppc,urban_foodie,,false
C00976,R_N,2025-05-07,ppc,urban_foodie,2025-10-15,false
C00977,R_N,2025-05-11,ppc,urban_foodie,2025-07-06,true
C00978,R_N,2025-05-09,,urban_foodie,2025-12-12,false
C00979,R_N,2025-05-06,ppc,health_seeker,2026-02-03,false
C00980,R_N,2025-05-08,ppc,health_seeker,2025-08-14,false
C00981,R_N,2025-05-09,,health_seeker,2025-11-21,true
C00982,R_S,2025-05-09,ppc,urban_foodie,2025-08-08,false
C00983,R_S,2025-05-09,ppc,urban_foodie,2025-07-18,false
C00984,R_S,2025-05-05,ppc,urban_foodie,,false
C00985,R_S,2025-05-08,ppc,health_seeker,2025-10-02,true
C00986,R_S,2025-05-09,ppc,health_seeker,,false
C00987,R_N,2025-05-17,,health_seeker,,false
C00988,R_N,2025-05-17,ppc,urban_foodie,2025-09-27,false
C00989,R_N,2025-05-15,ppc,health_seeker,,false
C00990,R_N,2025-05-18,ppc,health_seeker,,false
C00991,R_N,2025-05-12,ppc,urban_foodie,,false
C00992,R_N,2025-05-12,,urban_foodie,,false
C00993,R_N,2025-05-16,,health_seeker,2025-12-12,false
C00994,R_N,2025-05-12,ppc,urban_foodie,2025-12-01,true
C00995,R_S,2025-05-18,ppc,urban_foodie,2026-02-08,true
C00996,R_S,2025-05-17,,urban_foodie,2025-11-15,false
C00997,R_S,2025-05-14,ppc,urban_foodie,2025-09-17,false
C00998,R_S,2025-05-17,,urban_foodie,,false
C00999,R_S,2025-05-17,ppc,health_seeker,2025-07-26,false
C01000,R_N,2025-05-25,,health_seeker,,true
C01001,R_N,2025-05-19,,urban_foodie,,false
C01002,R_N,2025-05-20,ppc,health_seeker,2025-12-30,false
C01003,R_N,2025-05-23,ppc,urban_foodie,2025-09-26,false
C01004,R_N,2025-05-19,ppc,urban_foodie,2025-09-22,true
C01005,R_N,2025-05-23,ppc,urban_foodie,2026-01-09,true
C01006,R_N,2025-05-24,,health_seeker,,false
C01007,R_N,2025-05-19,ppc,health_seeker,2026-01-12,false
C01008,R_S,2025-05-19,,urban_foodie,2025-11-17,false
C01009,R_S,2025-05-21,ppc,urban_foodie,2025-08-27,true
C01010,R_S,2025-05-25,ppc,health_seeker,2025-08-17,false
C01011,R_S,2025-05-21,,health_seeker,,false
C01012,R_S,2025-05-21,ppc,health_seeker,,false
C01013,R_N,2025-05-30,ppc,urban_foodie,,false
C01014,R_N,2025-05-26,ppc,urban_foodie,2025-09-01,false
C01015,R_N,2025-05-31,,health_seeker,2026-01-31,false
C01016,R_N,2025-05-30,ppc,health_seeker,2025-08-01,false
C01017,R_N,2025-05-27,,health_seeker,,false
C01018,R_N,2025-05-28,,urban_foodie,,false
C01019,R_N,2025-05-30,,health_seeker,2025-11-28,false
C01020,R_N,2025-05-31,,urban_foodie,2025-08-30,false
C01021,R_S,2025-06-01,ppc,urban_foodie,,true
C01022,R_S,2025-05-28,ppc,health_seeker,2026-01-07,false
C01023,R_S,2025-05-31,ppc,health_seeker,,false
C01024,R_S,2025-05-31,ppc,urban_foodie,,true
C01025,R_S,2025-05-27,,health_seeker,2025-10-07,true
C01026,R_N,2025-06-07,,health_seeker,2026-01-10,false
C01027,R_N,2025-06-05,,health_seeker,,false
C01028,R_N,2025-06-06,ppc,health_seeker,,false
C01029,R_N,2025-06-03,ppc,health_seeker,2025-09-02,true
C01030,R_N,2025-06-06,ppc,health_seeker,2026-01-23,false
C01031,R_N,2025-06-03,ppc,urban_foodie,2026-01-27,true
C01032,R_N,2025-06-06,ppc,health_seeker,,false
C01033,R_N,2025-06-02,,health_seeker,,true
C01034,R_S,2025-06-08,ppc,health_seeker,,false
C01035,R_S,2025-06-05,,health_seeker,2026-02-05,false
C01036,R_S,2025-06-08,ppc,urban_foodie,,false
C01037,R_S,2025-06-02,ppc,urban_foodie,,true
C01038,R_S,2025-06-08,ppc,urban_foodie,2025-11-16,false
C01039,R_N,2025-06-13,ppc,urban_foodie,,false
C01040,R_N,2025-06-12,ppc,urban_foodie,2025-11-20,false
C01041,R_N,2025-06-12,ppc,urban_foodie,2025-12-25,false
C01042,R_N,2025-06-12,ppc,health_seeker,2025-09-18,true
C01043,R_N,2025-06-13,,urban_foodie,,false
C01044,R_N,2025-06-14,ppc,health_seeker,2025-11-29,false
C01045,R_N,2025-06-15,ppc,urban_foodie,,false
C01046,R_N,2025-06-10,,urban_foodie,2026-01-13,false
C01047,R_S,2025-06-13,ppc,urban_foodie,,false
C01048,R_S,2025-06-14,ppc,health_seeker,,false
C01049,R_S,2025-06-13,ppc,health_seeker,2025-09-12,false
C01050,R_S,2025-06-09,ppc,health_seeker,2026-02-02,false
C01051,R_S,2025-06-14,ppc,urban_foodie,,false
C01052,R_N,2025-06-20,ppc,urban_foodie,2025-11-07,true
C01053,R_N,2025-06-20,ppc,urban_foodie,,false
C01054,R_N,2025-06-22,,health_seeker,,false
C01055,R_N,2025-06-16,ppc,health_seeker,2025-08-25,false
C01056,R_N,2025-06-17,ppc,health_seeker,2025-10-28,false
C01057,R_N,2025-06-17,,health_seeker,,false
C01058,R_N,2025-06-18,ppc,urban_foodie,2026-01-14,false
C01059,R_N,2025-06-20,ppc,urban_foodie,,false
C01060,R_S,2025-06-18,ppc,urban_foodie,2026-01-21,false
C01061,R_S,2025-06-17,ppc,health_seeker,2025-09-23,false
C01062,R_S,2025-06-22,ppc,health_seeker,,false
C01063,R_S,2025-06-21,ppc,health_seeker,,false
C01064,R_S,2025-06-20,,urban_foodie,2025-12-26,false
C01065,R_N,2025-06-26,ppc,health_seeker,2025-12-18,false
C01066,R_N,2025-06-26,ppc,urban_foodie,2025-08-28,false
C01067,R_N,2025-06-27,ppc,health_seeker,2026-02-06,false
C01068,R_N,2025-06-29,,urban_foodie,2025-11-30,true
C01069,R_N,2025-06-27,ppc,health_seeker,,false
C01070,R_N,2025-06-24,ppc,urban_foodie,,false
C01071,R_N,2025-06-29,,health_seeker,,true
C01072,R_N,2025-06-27,ppc,urban_foodie,,false
C01073,R_S,2025-06-25,,health_seeker,,false
C01074,R_S,2025-06-27,ppc,urban_foodie,,false
C01075,R_S,2025-06-27,ppc,health_seeker,,false
C01076,R_S,2025-06-26,ppc,health_seeker,,false
C01077,R_S,2025-06-24,ppc,health_seeker,,true
C01078,R_N,2025-07-03,,health_seeker,2025-10-16,false
C01079,R_N,2025-06-30,ppc,urban_foodie,,false
C01080,R_N,2025-07-01,ppc,health_seeker,2025-10-14,false
C01081,R_N,2025-06-30,,urban_foodie,,false
C01082,R_N,2025-07-03,,health_seeker,,false
C01083,R_N,2025-07-02,ppc,health_seeker,,false
C01084,R_N,2025-07-04,,health_seeker,,false
C01085,R_N,2025-06-30,,health_seeker,2025-12-22,false
C01086,R_S,2025-07-01,ppc,urban_foodie,,false
C01087,R_S,2025-07-03,ppc,health_seeker,,true
C01088,R_S,2025-07-04,ppc,urban_foodie,,false
C01089,R_S,2025-06-30,ppc,health_seeker,2025-11-10,true
C01090,R_S,2025-07-04,ppc,urban_foodie,,false
C01091,R_N,2025-07-12,ppc,health_seeker,2026-01-17,false
C01092,R_N,2025-07-07,ppc,health_seeker,,false
C01093,R_N,2025-07-08,ppc,urban_foodie,2025-11-04,false
C01094,R_N,2025-07-10,ppc,health_seeker,2025-10-09,false
C01095,R_N,2025-07-10,,urban_foodie,2025-09-25,false
C01096,R_N,2025-07-11,ppc,urban_foodie,,false
C01097,R_N,2025-07-11,ppc,health_seeker,,false
C01098,R_N,2025-07-10,ppc,health_seeker,2026-01-29,true
C01099,R_S,2025-07-07,ppc,urban_foodie,2025-10-27,false
C01100,R_S,2025-07-08,ppc,urban_foodie,,false
C01101,R_S,2025-07-10,ppc,urban_foodie,,false
C01102,R_S,2025-07-11,ppc,urban_foodie,,false
C01103,R_S,2025-07-08,ppc,health_seeker,2025-12-23,false
C01104,R_N,2025-07-16,,urban_foodie,,false
C01105,R_N,2025-07-16,,health_seeker,,false
C01106,R_N,2025-07-14,ppc,health_seeker,,true
C01107,R_N,2025-07-16,,urban_foodie,2025-09-10,false
C01108,R_N,2025-07-19,ppc,health_seeker,,false
C01109,R_N,2025-07-19,,health_seeker,,false
C01110,R_N,2025-07-15,,urban_foodie,2025-11-11,true
C01111,R_N,2025-07-19,ppc,health_seeker,,false
C01112,R_S,2025-07-19,ppc,health_seeker,,false
C01113,R_S,2025-07-14,ppc,urban_foodie,,false
C01114,R_S,2025-07-18,ppc,health_seeker,,false
C01115,R_S,2025-07-15,ppc,urban_foodie,,false
C01116,R_S,2025-07-18,ppc,health_seeker,,false
C01117,R_N,2025-07-21,,urban_foodie,2025-12-22,false
C01118,R_N,2025-07-27,,urban_foodie,2025-11-09,false
C01119,R_N,2025-07-22,ppc,urban_foodie,,false
C01120,R_N,2025-07-22,ppc,urban_foodie,,true
C01121,R_N,2025-07-25,ppc,health_seeker,2025-09-26,false
C01122,R_N,2025-07-23,ppc,health_seeker,,true
C01123,R_N,2025-07-21,,health_seeker,2026-01-05,false
C01124,R_N,2025-07-26,ppc,health_seeker,,false
C01125,R_S,2025-07-23,,urban_foodie,2026-01-21,false
C01126,R_S,2025-07-26,ppc,urban_foodie,,false
C01127,R_S,2025-07-25,,health_seeker,2026-01-23,false
C01128,R_S,2025-07-21,ppc,health_seeker,,false
C01129,R_S,2025-07-23,ppc,urban_foodie,2025-11-12,false
C01130,R_N,2025-08-03,ppc,health_seeker,2025-11-23,true
C01131,R_N,2025-08-02,,health_seeker,2025-12-20,false
C01132,R_N,2025-08-03,ppc,urban_foodie,2025-11-23,true
C01133,R_N,2025-08-02,ppc,health_seeker,,false
C01134,R_N,2025-08-01,ppc,health_seeker,,false
C01135,R_N,2025-08-01,ppc,urban_foodie,,false
C01136,R_N,2025-07-29,ppc,health_seeker,2025-09-23,false
C01137,R_N,2025-08-02,ppc,urban_foodie,,true
C01138,R_S,2025-07-30,ppc,urban_foodie,2026-02-04,true
C01139,R_S,2025-08-03,ppc,health_seeker,2026-02-08,false
C01140,R_S,2025-08-02,ppc,health_seeker,,false
C01141,R_S,2025-08-03,,health_seeker,2025-12-07,false
C01142,R_S,2025-07-29,ppc,urban_foodie,,false
C01143,R_N,2025-08-04,ppc,urban_foodie,,false
C01144,R_N,2025-08-04,ppc,health_seeker,,true
C01145,R_N,2025-08-04,ppc,health_seeker,,false
C01146,R_N,2025-08-09,,health_seeker,,false
C01147,R_N,2025-08-09,ppc,health_seeker,2025-10-11,false
C01148,R_N,2025-08-08,ppc,health_seeker,,true
C01149,R_N,2025-08-04,,health_seeker,,true
C01150,R_N,2025-08-08,,urban_foodie,,false
C01151,R_S,2025-08-08,ppc,health_seeker,2025-10-31,false
C01152,R_S,2025-08-04,ppc,health_seeker,,false
C01153,R_S,2025-08-10,ppc,health_seeker,2026-01-25,true
C01154,R_S,2025-08-05,ppc,urban_foodie,2025-12-30,false
C01155,R_S,2025-08-06,ppc,urban_foodie,2026-01-07,true
C01156,R_N,2025-08-14,ppc,health_seeker,2025-10-16,false
C01157,R_N,2025-08-16,ppc,urban_foodie,2026-01-03,false
C01158,R_N,2025-08-15,,urban_foodie,2025-10-24,false
C01159,R_N,2025-08-15,,urban_foodie,2025-10-10,false
C01160,R_N,2025-08-15,ppc,urban_foodie,,false
C01161,R_N,2025-08-13,ppc,urban_foodie,,false
C01162,R_N,2025-08-13,,urban_foodie,,false
C01163,R_N,2025-08-11,,urban_foodie,,false
C01164,R_S,2025-08-14,ppc,health_seeker,2025-10-09,false
C01165,R_S,2025-08-12,ppc,urban_foodie,,false
C01166,R_S,2025-08-15,ppc,urban_foodie,2026-01-02,false
C01167,R_S,2025-08-17,ppc,urban_foodie,,false
C01168,R_S,2025-08-17,ppc,urban_foodie,2026-01-25,true
C01169,R_N,2025-08-22,,health_seeker,2025-11-21,false
C01170,R_N,2025-08-18,,urban_foodie,,false
C01171,R_N,2025-08-20,ppc,health_seeker,,true
C01172,R_N,2025-08-21,ppc,urban_foodie,,true
C01173,R_N,2025-08-19,,health_seeker,2025-12-09,true
C01174,R_N,2025-08-24,ppc,health_seeker,,false
C01175,R_N,2025-08-19,ppc,health_seeker,,false
C01176,R_N,2025-08-24,ppc,urban_foodie,2026-01-25,false
C01177,R_S,2025-08-18,ppc,urban_foodie,,false
C01178,R_S,2025-08-22,,health_seeker,,false
C01179,R_S,2025-08-18,ppc,health_seeker,,false
C01180,R_S,2025-08-22,,urban_foodie,,false
C01181,R_S,2025-08-22,ppc,health_seeker,2026-01-16,false
C01182,R_N,2025-08-29,,urban_foodie,,false
C01183,R_N,2025-08-31,ppc,urban_foodie,,false
C01184,R_N,2025-08-31,ppc,urban_foodie,2026-01-18,false
C01185,R_N,2025-08-27,ppc,health_seeker,2025-11-12,false
C01186,R_N,2025-08-31,ppc,urban_foodie,,false
C01187,R_N,2025-08-29,ppc,health_seeker,,true
C01188,R_N,2025-08-30,ppc,urban_foodie,,false
C01189,R_N,2025-08-27,ppc,health_seeker,,false
C01190,R_S,2025-08-28,ppc,health_seeker,2026-01-22,false
C01191,R_S,2025-08-30,ppc,urban_foodie,,false
C01192,R_S,2025-08-28,,urban_foodie,,false
C01193,R_S,2025-08-30,ppc,health_seeker,2025-11-29,false
C01194,R_S,2025-08-27,,urban_foodie,,false
C01195,R_N,2025-09-03,ppc,health_seeker,,false
C01196,R_N,2025-09-03,,health_seeker,,false
C01197,R_N,2025-09-02,ppc,health_seeker,,false
C01198,R_N,2025-09-06,ppc,urban_foodie,2025-12-20,false
C01199,R_N,2025-09-06,ppc,health_seeker,,false
C01200,R_N,2025-09-07,ppc,urban_foodie,,false
C01201,R_N,2025-09-03,ppc,health_seeker,,false
C01202,R_N,2025-09-02,ppc,urban_foodie,,true
C01203,R_S,2025-09-07,ppc,urban_foodie,,false
C01204,R_S,2025-09-04,,urban_foodie,,true
C01205,R_S,2025-09-05,ppc,urban_foodie,,true
C01206,R_S,2025-09-07,ppc,urban_foodie,,false
C01207,R_S,2025-09-04,ppc,urban_foodie,,false
C01208,R_N,2025-09-08,ppc,urban_foodie,,false
C01209,R_N,2025-09-12,ppc,health_seeker,,false
C01210,R_N,2025-09-09,ppc,health_seeker,,false
C01211,R_N,2025-09-13,ppc,urban_foodie,,false
C01212,R_N,2025-09-10,,urban_foodie,,true
C01213,R_N,2025-09-10,ppc,health_seeker,,false
C01214,R_N,2025-09-11,ppc,health_seeker,,true
C01215,R_N,2025-09-10,ppc,urban_foodie,,false
C01216,R_S,2025-09-08,ppc,urban_foodie,2025-11-17,false
C01217,R_S,2025-09-14,ppc,health_seeker,2026-01-11,false
C01218,R_S,2025-09-10,ppc,health_seeker,2025-12-24,false
C01219,R_S,2025-09-13,ppc,urban_foodie,2025-11-15,false
C01220,R_S,2025-09-11,ppc,urban_foodie,,false
C01221,R_N,2025-09-18,,health_seeker,,false
C01222,R_N,2025-09-17,,urban_foodie,,true
C01223,R_N,2025-09-16,ppc,health_seeker,2026-01-06,false
C01224,R_N,2025-09-16,ppc,urban_foodie,2026-01-06,false
C01225,R_N,2025-09-20,ppc,health_seeker,,false
C01226,R_N,2025-09-17,ppc,health_seeker,,true
C01227,R_N,2025-09-17,ppc,health_seeker,,false
C01228,R_N,2025-09-17,,urban_foodie,2026-02-04,false
C01229,R_S,2025-09-18,ppc,urban_foodie,2025-12-11,false
C01230,R_S,2025-09-15,ppc,health_seeker,,false
C01231,R_S,2025-09-21,ppc,health_seeker,2025-11-30,false
C01232,R_S,2025-09-19,ppc,urban_foodie,,false
C01233,R_S,2025-09-20,ppc,health_seeker,,false
C01234,R_N,2025-09-24,,health_seeker,,false
C01235,R_N,2025-09-22,ppc,health_seeker,,false
C01236,R_N,2025-09-22,ppc,urban_foodie,,false
C01237,R_N,2025-09-23,ppc,urban_foodie,,false
C01238,R_N,2025-09-23,,urban_foodie,,false
C01239,R_N,2025-09-23,ppc,urban_foodie,,false
C01240,R_N,2025-09-27,ppc,urban_foodie,,false
C01241,R_N,2025-09-25,ppc,health_seeker,,false
C01242,R_S,2025-09-25,,health_seeker,2025-11-27,false
C01243,R_S,2025-09-26,ppc,health_seeker,2026-01-16,false
C01244,R_S,2025-09-23,,urban_foodie,,true
C01245,R_S,2025-09-28,ppc,health_seeker,2025-11-30,false
C01246,R_S,2025-09-28,ppc,urban_foodie,,true
C01247,R_N,2025-10-02,ppc,urban_foodie,,false
C01248,R_N,2025-10-03,ppc,urban_foodie,,false
C01249,R_N,2025-09-30,ppc,health_seeker,2025-11-25,false
C01250,R_N,2025-10-03,ppc,health_seeker,2026-01-09,false
C01251,R_N,2025-10-04,,urban_foodie,,false
C01252,R_N,2025-10-04,ppc,health_seeker,,false
C01253,R_N,2025-10-03,,health_seeker,,false
C01254,R_N,2025-10-02,ppc,health_seeker,,false
C01255,R_S,2025-10-01,ppc,urban_foodie,,false
C01256,R_S,2025-10-05,ppc,health_seeker,,false
C01257,R_S,2025-09-30,ppc,urban_foodie,,false
C01258,R_S,2025-10-02,ppc,urban_foodie,,false
C01259,R_S,2025-10-01,ppc,health_seeker,,false
C01260,R_N,2025-10-08,ppc,urban_foodie,2025-12-03,true
C01261,R_N,2025-10-11,ppc,health_seeker,2025-12-27,false
C01262,R_N,2025-10-08,,health_seeker,,true
C01263,R_N,2025-10-06,,health_seeker,,false
C01264,R_N,2025-10-06,,health_seeker,,true
C01265,R_N,2025-10-09,ppc,urban_foodie,2025-12-18,false
C01266,R_N,2025-10-10,ppc,health_seeker,,true
C01267,R_N,2025-10-12,ppc,health_seeker,,false
C01268,R_S,2025-10-06,ppc,urban_foodie,,false
C01269,R_S,2025-10-08,ppc,urban_foodie,,false
C01270,R_S,2025-10-12,ppc,health_seeker,,true
C01271,R_S,2025-10-07,ppc,health_seeker,,true
C01272,R_S,2025-10-07,ppc,health_seeker,2025-12-30,false
C01273,R_N,2025-10-13,ppc,health_seeker,,false
C01274,R_N,2025-10-16,ppc,health_seeker,,true
C01275,R_N,2025-10-13,ppc,health_seeker,,false
C01276,R_N,2025-10-16,ppc,urban_foodie,,false
C01277,R_N,2025-10-13,ppc,health_seeker,,false
C01278,R_N,2025-10-14,ppc,health_seeker,,false
C01279,R_N,2025-10-19,ppc,health_seeker,,false
C01280,R_N,2025-10-13,ppc,health_seeker,,false
C01281,R_S,2025-10-16,,urban_foodie,,false
C01282,R_S,2025-10-17,ppc,health_seeker,,false
C01283,R_S,2025-10-13,ppc,urban_foodie,,false
C01284,R_S,2025-10-17,ppc,urban_foodie,,true
C01285,R_S,2025-10-15,,health_seeker,,true
C01286,R_N,2025-10-25,ppc,health_seeker,,false
C01287,R_N,2025-10-23,ppc,urban_foodie,,false
C01288,R_N,2025-10-23,ppc,health_seeker,2026-01-22,false
C01289,R_N,2025-10-25,,urban_foodie,,false
C01290,R_N,2025-10-24,ppc,urban_foodie,,false
C01291,R_N,2025-10-25,ppc,health_seeker,,false
C01292,R_N,2025-10-24,,health_seeker,,true
C01293,R_N,2025-10-25,,health_seeker,,false
C01294,R_S,2025-10-24,,health_seeker,,false
C01295,R_S,2025-10-20,ppc,urban_foodie,,false
C01296,R_S,2025-10-25,ppc,urban_foodie,,true
C01297,R_S,2025-10-25,ppc,health_seeker,,false
C01298,R_S,2025-10-25,ppc,health_seeker,,false
C01299,R_N,2025-10-28,ppc,urban_foodie,2026-01-06,false
C01300,R_N,2025-11-01,ppc,urban_foodie,,false
C01301,R_N,2025-11-02,,urban_foodie,,true
C01302,R_N,2025-10-30,ppc,health_seeker,,false
C01303,R_N,2025-11-02,ppc,health_seeker,,false
C01304,R_N,2025-11-01,,health_seeker,,false
C01305,R_N,2025-10-31,,health_seeker,,true
C01306,R_N,2025-11-02,ppc,urban_foodie,,false
C01307,R_S,2025-10-28,ppc,urban_foodie,2026-02-03,true
C01308,R_S,2025-10-31,,urban_foodie,,true
C01309,R_S,2025-10-27,ppc,urban_foodie,,false
C01310,R_S,2025-10-30,,health_seeker,,false
C01311,R_S,2025-10-31,,health_seeker,,false
C01312,R_N,2025-11-03,,health_seeker,,true
C01313,R_N,2025-11-03,ppc,urban_foodie,,false
C01314,R_N,2025-11-08,ppc,urban_foodie,2026-01-24,true
C01315,R_N,2025-11-07,ppc,urban_foodie,2026-01-30,false
C01316,R_N,2025-11-03,ppc,urban_foodie,,false
C01317,R_N,2025-11-05,ppc,health_seeker,2026-01-14,false
C01318,R_N,2025-11-05,ppc,health_seeker,,true
C01319,R_N,2025-11-03,ppc,health_seeker,,false
C01320,R_S,2025-11-03,ppc,health_seeker,,false
C01321,R_S,2025-11-09,,urban_foodie,,false
C01322,R_S,2025-11-05,ppc,urban_foodie,,false
C01323,R_S,2025-11-08,ppc,urban_foodie,,false
C01324,R_S,2025-11-04,ppc,health_seeker,2026-01-13,false
C01325,R_N,2025-11-15,ppc,health_seeker,,false
C01326,R_N,2025-11-14,,health_seeker,,false
C01327,R_N,2025-11-14,,health_seeker,,true
C01328,R_N,2025-11-14,,health_seeker,,true
C01329,R_N,2025-11-10,ppc,health_seeker,,false
C01330,R_N,2025-11-16,ppc,urban_foodie,,false
C01331,R_N,2025-11-16,,health_seeker,,false
C01332,R_N,2025-11-12,ppc,urban_foodie,,false
C01333,R_S,2025-11-15,ppc,urban_foodie,,false
C01334,R_S,2025-11-15,ppc,urban_foodie,,false
C01335,R_S,2025-11-14,ppc,urban_foodie,,true
C01336,R_S,2025-11-16,ppc,health_seeker,,false
C01337,R_S,2025-11-15,ppc,health_seeker,,false
C01338,R_N,2025-11-21,ppc,urban_foodie,,false
C01339,R_N,2025-11-18,,urban_foodie,,false
C01340,R_N,2025-11-19,ppc,health_seeker,,false
C01341,R_N,2025-11-23,,urban_foodie,,false
C01342,R_N,2025-11-17,,urban_foodie,,false
C01343,R_N,2025-11-21,,urban_foodie,,false
C01344,R_N,2025-11-19,ppc,health_seeker,,true
C01345,R_N,2025-11-21,ppc,urban_foodie,,false
C01346,R_S,2025-11-21,,urban_foodie,,false
C01347,R_S,2025-11-21,,urban_foodie,,false
C01348,R_S,2025-11-17,ppc,health_seeker,,false
C01349,R_S,2025-11-18,,health_seeker,,true
C01350,R_S,2025-11-23,ppc,urban_foodie,,true
C01351,R_N,2025-11-25,ppc,health_seeker,,true
C01352,R_N,2025-11-27,ppc,urban_foodie,,true
C01353,R_N,2025-11-29,ppc,urban_foodie,,false
C01354,R_N,2025-11-28,ppc,urban_foodie,,false
C01355,R_N,2025-11-25,ppc,urban_foodie,,false
C01356,R_N,2025-11-30,ppc,urban_foodie,,false
C01357,R_N,2025-11-30,,health_seeker,,false
C01358,R_N,2025-11-26,ppc,health_seeker,,false
C01359,R_S,2025-11-30,ppc,health_seeker,,false
C01360,R_S,2025-11-29,ppc,urban_foodie,,false
C01361,R_S,2025-11-30,ppc,health_seeker,,false
C01362,R_S,2025-11-27,ppc,urban_foodie,2026-01-22,false
C01363,R_S,2025-11-29,ppc,urban_foodie,,true
C01364,R_N,2025-12-07,ppc,urban_foodie,,false
C01365,R_N,2025-12-04,ppc,health_seeker,,false
C01366,R_N,2025-12-06,,urban_foodie,,false
C01367,R_N,2025-12-04,ppc,health_seeker,,false
C01368,R_N,2025-12-03,ppc,urban_foodie,,true
C01369,R_N,2025-12-07,,urban_foodie,,false
C01370,R_N,2025-12-02,,urban_foodie,,true
C01371,R_N,2025-12-01,,urban_foodie,,false
C01372,R_S,2025-12-02,,urban_foodie,,false
C01373,R_S,2025-12-05,ppc,health_seeker,2026-01-30,false
C01374,R_S,2025-12-06,,urban_foodie,,false
C01375,R_S,2025-12-01,ppc,urban_foodie,,true
C01376,R_S,2025-12-04,,urban_foodie,,false
C01377,R_N,2025-12-10,,urban_foodie,2026-02-04,false
C01378,R_N,2025-12-09,ppc,urban_foodie,,false
C01379,R_N,2025-12-11,ppc,urban_foodie,,false
C01380,R_N,2025-12-13,ppc,health_seeker,,true
C01381,R_N,2025-12-13,,health_seeker,,false
C01382,R_N,2025-12-10,ppc,urban_foodie,,false
C01383,R_N,2025-12-09,,health_seeker,,true
C01384,R_N,2025-12-08,ppc,health_seeker,,false
C01385,R_S,2025-12-08,ppc,health_seeker,,false
C01386,R_S,2025-12-12,ppc,urban_foodie,,false
C01387,R_S,2025-12-13,ppc,health_seeker,,false
C01388,R_S,2025-12-12,ppc,health_seeker,,false
C01389,R_S,2025-12-13,ppc,health_seeker,,false
C01390,R_N,2025-12-21,ppc,health_seeker,,false
C01391,R_N,2025-12-18,ppc,urban_foodie,,false
C01392,R_N,2025-12-19,ppc,urban_foodie,,true
C01393,R_N,2025-12-19,ppc,health_seeker,,true
C01394,R_N,2025-12-21,ppc,urban_foodie,,false
C01395,R_N,2025-12-18,ppc,health_seeker,,false
C01396,R_N,2025-12-16,,health_seeker,,false
C01397,R_N,2025-12-17,ppc,urban_foodie,,false
C01398,R_S,2025-12-19,ppc,urban_foodie,,false
C01399,R_S,2025-12-15,ppc,urban_foodie,,false
C01400,R_S,2025-12-15,ppc,urban_foodie,,false
C01401,R_S,2025-12-19,ppc,health_seeker,,false
C01402,R_S,2025-12-17,,health_seeker,,false
C01403,R_N,2025-12-24,ppc,health_seeker,,false
C01404,R_N,2025-12-22,ppc,urban_foodie,,true
C01405,R_N,2025-12-22,ppc,urban_foodie,,false
C01406,R_N,2025-12-28,,urban_foodie,,true
C01407,R_N,2025-12-27,ppc,urban_foodie,,false
C01408,R_N,2025-12-28,,health_seeker,,false
C01409,R_N,2025-12-23,ppc,urban_foodie,,false
C01410,R_N,2025-12-24,ppc,urban_foodie,,false
C01411,R_S,2025-12-27,ppc,urban_foodie,,false
C01412,R_S,2025-12-24,ppc,health_seeker,,false
C01413,R_S,2025-12-22,ppc,urban_foodie,,false
C01414,R_S,2025-12-25,ppc,health_seeker,,false
C01415,R_S,2025-12-27,ppc,health_seeker,,false
C01416,R_N,2026-01-02,ppc,health_seeker,,false
C01417,R_N,2026-01-03,ppc,urban_foodie,,false
C01418,R_N,2026-01-03,ppc,urban_foodie,,false
C01419,R_N,2025-12-31,ppc,health_seeker,,false
C01420,R_N,2026-01-01,ppc,urban_foodie,,false
C01421,R_N,2026-01-02,,urban_foodie,,true
C01422,R_N,2026-01-04,ppc,health_seeker,,true
C01423,R_N,2026-01-04,ppc,health_seeker,,true
C01424,R_S,2026-01-01,ppc,health_seeker,,false
C01425,R_S,2026-01-02,ppc,health_seeker,,false
C01426,R_S,2025-12-31,ppc,health_seeker,,true
C01427,R_S,2025-12-31,ppc,health_seeker,,false
C01428,R_S,2026-01-02,ppc,urban_foodie,,true
C01429,R_N,2026-01-08,ppc,urban_foodie,,false
C01430,R_N,2026-01-06,ppc,health_seeker,,false
C01431,R_N,2026-01-06,ppc,health_seeker,,true
C01432,R_N,2026-01-10,,health_seeker,,false
C01433,R_N,2026-01-07,ppc,urban_foodie,,true
C01434,R_N,2026-01-06,ppc,urban_foodie,,false
C01435,R_N,2026-01-07,,health_seeker,,false
C01436,R_N,2026-01-07,ppc,urban_foodie,,false
C01437,R_S,2026-01-06,,urban_foodie,,false
C01438,R_S,2026-01-10,ppc,health_seeker,,false
C01439,R_S,2026-01-07,,urban_foodie,,false
C01440,R_S,2026-01-08,ppc,health_seeker,,false
C01441,R_S,2026-01-08,,health_seeker,,false
C01442,R_N,2026-01-18,ppc,urban_foodie,,false
C01443,R_N,2026-01-14,,urban_foodie,,true
C01444,R_N,2026-01-18,,health_seeker,,false
C01445,R_N,2026-01-15,ppc,urban_foodie,,false
C01446,R_N,2026-01-13,ppc,health_seeker,,false
C01447,R_N,2026-01-13,ppc,urban_foodie,,false
C01448,R_N,2026-01-16,ppc,urban_foodie,,false
C01449,R_N,2026-01-12,,urban_foodie,,false
C01450,R_S,2026-01-14,ppc,health_seeker,,false
C01451,R_S,2026-01-14,ppc,urban_foodie,,false
C01452,R_S,2026-01-13,ppc,health_seeker,,false
C01453,R_S,2026-01-15,ppc,urban_foodie,,false
C01454,R_S,2026-01-18,ppc,urban_foodie,,false
C01455,R_N,2026-01-23,ppc,urban_foodie,,false
C01456,R_N,2026-01-25,ppc,health_seeker,,false
C01457,R_N,2026-01-22,,urban_foodie,,false
C01458,R_N,2026-01-23,ppc,health_seeker,,false
C01459,R_N,2026-01-23,ppc,health_seeker,,true
C01460,R_N,2026-01-25,ppc,health_seeker,,false
C01461,R_N,2026-01-21,ppc,urban_foodie,,false
C01462,R_N,2026-01-20,ppc,urban_foodie,,false
C01463,R_S,2026-01-22,,health_seeker,,true
C01464,R_S,2026-01-23,,urban_foodie,,false
C01465,R_S,2026-01-25,ppc,urban_foodie,,false
C01466,R_S,2026-01-25,ppc,health_seeker,,false
C01467,R_S,2026-01-25,ppc,health_seeker,,false
C01468,R_N,2026-01-26,ppc,health_seeker,,false
C01469,R_N,2026-01-26,,urban_foodie,,false
C01470,R_N,2026-01-29,ppc,health_seeker,,true
C01471,R_N,2026-02-01,,health_seeker,,false
C01472,R_N,2026-01-27,,urban_foodie,,true
C01473,R_N,2026-01-26,ppc,health_seeker,,false
C01474,R_N,2026-01-29,ppc,urban_foodie,,true
C01475,R_N,2026-01-28,ppc,health_seeker,,false
C01476,R_S,2026-01-30,,urban_foodie,,true
C01477,R_S,2026-01-31,ppc,health_seeker,,false
C01478,R_S,2026-01-26,,urban_foodie,,false
C01479,R_S,2026-01-30,,urban_foodie,,false
C01480,R_S,2026-01-31,ppc,health_seeker,,true
C01481,R_N,2026-02-07,ppc,health_seeker,,false
C01482,R_N,2026-02-02,,health_seeker,,false
C01483,R_N,2026-02-04,ppc,urban_foodie,,false
C01484,R_N,2026-02-02,,health_seeker,,false
C01485,R_N,2026-02-02,ppc,urban_foodie,,false
C01486,R_N,2026-02-07,ppc,health_seeker,,true
C01487,R_N,2026-02-03,ppc,health_seeker,,false
C01488,R_N,2026-02-08,ppc,health_seeker,,false
C01489,R_S,2026-02-08,,urban_foodie,,false
C01490,R_S,2026-02-06,,urban_foodie,,false
C01491,R_S,2026-02-02,ppc,urban_foodie,,false
C01492,R_S,2026-02-07,,urban_foodie,,false
C01493,R_S,2026-02-04,ppc,health_seeker,,false
