week_start,region_id,channel,campaign_type,planned_spend_inr
2024-01-01,R_N,D2C,ppc,21245.25
2024-01-01,R_S,D2C,ppc,10300.51
2024-01-08,R_N,D2C,ppc,21315.11
2024-01-08,R_S,D2C,ppc,10907.76
2024-01-15,R_N,D2C,ppc,21121.6
2024-01-15,R_S,D2C,ppc,10440.85
2024-01-22,R_N,D2C,ppc,21155.16
2024-01-22,R_S,D2C,ppc,10602.11
2024-01-29,R_N,D2C,ppc,21185.5
2024-01-29,R_S,D2C,ppc,10414.75
2024-02-05,R_N,D2C,ppc,20130.76
2024-02-05,R_S,D2C,ppc,10636.76
2024-02-12,R_N,D2C,ppc,21319.1
2024-02-12,R_S,D2C,ppc,10217.37
2024-02-19,R_N,D2C,ppc,21425.69
2024-02-19,R_S,D2C,ppc,10729.46
2024-02-26,R_N,D2C,ppc,21089.07
2024-02-26,R_S,D2C,ppc,10490.7
2024-03-04,R_N,D2C,ppc,20614.18
2024-03-04,R_S,D2C,ppc,10237.07
2024-03-11,R_N,D2C,ppc,20168.67
2024-03-11,R_S,D2C,ppc,10410.95
2024-03-18,R_N,D2C,ppc,21303.34
2024-03-18,R_S,D2C,ppc,10470.59
2024-03-25,R_N,D2C,ppc,21034.08
2024-03-25,R_S,D2C,ppc,11044.98
2024-04-01,R_N,D2C,ppc,21232.29
2024-04-01,R_S,D2C,ppc,10499.1
2024-04-08,R_N,D2C,ppc,21546.08
2024-04-08,R_S,D2C,ppc,10592.88
2024-04-15,R_N,D2C,ppc,20802.09
2024-04-15,R_S,D2C,ppc,10105.77
2024-04-22,R_N,D2C,ppc,21467.1
2024-04-22,R_S,D2C,ppc,9924.59
2024-04-29,R_N,D2C,ppc,20864.43
2024-04-29,R_S,D2C,ppc,10626.03
2024-05-06,R_N,D2C,ppc,21047.44
2024-05-06,R_S,D2C,ppc,10332.33
2024-05-13,R_N,D2C,ppc,21684.72
2024-05-13,R_S,D2C,ppc,10547.54
2024-05-20,R_N,D2C,ppc,21026.0
2024-05-20,R_S,D2C,ppc,10882.41
2024-05-27,R_N,D2C,ppc,21498.62
2024-05-27,R_S,D2C,ppc,10439.05
2024-06-03,R_N,D2C,ppc,20999.93
2024-06-03,R_S,D2C,ppc,10421.58
2024-06-10,R_N,D2C,ppc,20875.25
2024-06-10,R_S,D2C,ppc,10845.3
2024-06-17,R_N,D2C,ppc,21056.23
2024-06-17,R_S,D2C,ppc,10780.48
2024-06-24,R_N,D2C,ppc,21049.23
2024-06-24,R_S,D2C,ppc,10384.71
2024-07-01,R_N,D2C,ppc,21378.43
2024-07-01,R_S,D2C,ppc,10551.05
2024-07-08,R_N,D2C,ppc,21268.77
2024-07-08,R_S,D2C,ppc,10391.04
2024-07-15,R_N,D2C,ppc,21055.0
2024-07-15,R_S,D2C,ppc,10446.27
2024-07-22,R_N,D2C,ppc,20803.42
2024-07-22,R_S,D2C,ppc,10237.72
2024-07-29,R_N,D2C,ppc,39392.74
2024-07-29,R_S,D2C,ppc,10275.18
2024-08-05,R_N,D2C,ppc,36074.21
2024-08-05,R_S,D2C,ppc,10151.28
2024-08-12,R_N,D2C,ppc,37828.81
2024-08-12,R_S,D2C,ppc,10608.28
2024-08-19,R_N,D2C,ppc,38391.4
2024-08-19,R_S,D2C,ppc,10972.97
2024-08-26,R_N,D2C,ppc,37862.48
2024-08-26,R_S,D2C,ppc,10121.3
2024-09-02,R_N,D2C,ppc,38389.12
2024-09-02,R_S,D2C,ppc,10392.21
2024-09-09,R_N,D2C,ppc,37787.46
2024-09-09,R_S,D2C,ppc,10399.02
2024-09-16,R_N,D2C,ppc,38280.73
2024-09-16,R_S,D2C,ppc,10625.68
2024-09-23,R_N,D2C,ppc,38021.49
2024-09-23,R_S,D2C,ppc,9869.15
2024-09-30,R_N,D2C,ppc,38008.91
2024-09-30,R_S,D2C,ppc,10357.46
2024-10-07,R_N,D2C,ppc,37759.07
2024-10-07,R_S,D2C,ppc,10449.15
2024-10-14,R_N,D2C,ppc,37665.45
2024-10-14,R_S,D2C,ppc,10586.3
2024-10-21,R_N,D2C,ppc,37644.21
2024-10-21,R_S,D2C,ppc,10519.97
2024-10-28,R_N,D2C,ppc,37500.23
2024-10-28,R_S,D2C,ppc,10332.23
2024-11-04,R_N,D2C,ppc,37109.1
2024-11-04,R_S,D2C,ppc,10578.73
2024-11-11,R_N,D2C,ppc,37220.56
2024-11-11,R_S,D2C,ppc,10077.51
2024-11-18,R_N,D2C,ppc,20589.87
2024-11-18,R_S,D2C,ppc,10545.31
2024-11-25,R_N,D2C,ppc,20964.83
2024-11-25,R_S,D2C,ppc,10419.12
2024-12-02,R_N,D2C,ppc,21057.14
2024-12-02,R_S,D2C,ppc,10757.31
2024-12-09,R_N,D2C,ppc,22064.75
2024-12-09,R_S,D2C,ppc,10580.93
2024-12-16,R_N,D2C,ppc,20706.09
2024-12-16,R_S,D2C,ppc,10344.87
2024-12-23,R_N,D2C,ppc,20701.45
2024-12-23,R_S,D2C,ppc,10309.07
2024-12-30,R_N,D2C,ppc,20673.8
2024-12-30,R_S,D2C,ppc,10670.02
2025-01-06,R_N,D2C,ppc,20416.94
2025-01-06,R_S,D2C,ppc,10106.99
2025-01-13,R_N,D2C,ppc,20976.87
2025-01-13,R_S,D2C,ppc,9883.78
2025-01-20,R_N,D2C,ppc,20428.33
2025-01-20,R_S,D2C,ppc,10524.49
2025-01-27,R_N,D2C,ppc,21240.97
2025-01-27,R_S,D2C,ppc,10375.68
2025-02-03,R_N,D2C,ppc,21395.0
2025-02-03,R_S,D2C,ppc,10539.29
2025-02-10,R_N,D2C,ppc,20803.87
2025-02-10,R_S,D2C,ppc,10645.34
2025-02-17,R_N,D2C,ppc,20968.71
2025-02-17,R_S,D2C,ppc,10464.28
2025-02-24,R_N,D2C,ppc,20107.63
2025-02-24,R_S,D2C,ppc,10487.29
2025-03-03,R_N,D2C,ppc,21394.99
2025-03-03,R_S,D2C,ppc,10645.76
2025-03-10,R_N,D2C,ppc,20368.36
2025-03-10,R_S,D2C,ppc,10946.92
2025-03-17,R_N,D2C,ppc,21240.38
2025-03-17,R_S,D2C,ppc,10168.92
2025-03-24,R_N,D2C,ppc,20476.88
2025-03-24,R_S,D2C,ppc,10449.26
2025-03-31,R_N,D2C,ppc,21044.92
2025-03-31,R_S,D2C,ppc,10250.84
2025-04-07,R_N,D2C,ppc,20815.9
2025-04-07,R_S,D2C,ppc,10516.04
2025-04-14,R_N,D2C,ppc,21261.08
2025-04-14,R_S,D2C,ppc,10611.62
2025-04-21,R_N,D2C,ppc,21206.03
2025-04-21,R_S,D2C,ppc,10835.26
2025-04-28,R_N,D2C,ppc,20116.4
2025-04-28,R_S,D2C,ppc,10541.32
2025-05-05,R_N,D2C,ppc,21277.93
2025-05-05,R_S,D2C,ppc,10336.99
2025-05-12,R_N,D2C,ppc,21349.11
2025-05-12,R_S,D2C,ppc,10787.28
2025-05-19,R_N,D2C,ppc,20712.57
2025-05-19,R_S,D2C,ppc,10498.61
2025-05-26,R_N,D2C,ppc,21088.0
2025-05-26,R_S,D2C,ppc,10529.1
2025-06-02,R_N,D2C,ppc,21442.62
2025-06-02,R_S,D2C,ppc,10600.15
2025-06-09,R_N,D2C,ppc,21239.85
2025-06-09,R_S,D2C,ppc,10249.98
2025-06-16,R_N,D2C,ppc,21236.79
2025-06-16,R_S,D2C,ppc,10565.4
2025-06-23,R_N,D2C,ppc,20476.54
2025-06-23,R_S,D2C,ppc,10751.15
2025-06-30,R_N,D2C,ppc,21893.85
2025-06-30,R_S,D2C,ppc,10513.01
2025-07-07,R_N,D2C,ppc,21653.25
2025-07-07,R_S,D2C,ppc,10365.71
2025-07-14,R_N,D2C,ppc,20456.35
2025-07-14,R_S,D2C,ppc,10444.25
2025-07-21,R_N,D2C,ppc,20921.69
2025-07-21,R_S,D2C,ppc,10588.03
2025-07-28,R_N,D2C,ppc,21434.87
2025-07-28,R_S,D2C,ppc,10388.26
2025-08-04,R_N,D2C,ppc,20791.66
2025-08-04,R_S,D2C,ppc,10796.67
2025-08-11,R_N,D2C,ppc,21538.36
2025-08-11,R_S,D2C,ppc,10414.66
2025-08-18,R_N,D2C,ppc,21166.09
2025-08-18,R_S,D2C,ppc,10526.67
2025-08-25,R_N,D2C,ppc,21234.91
2025-08-25,R_S,D2C,ppc,10462.02
2025-09-01,R_N,D2C,ppc,21174.0
2025-09-01,R_S,D2C,ppc,10174.67
2025-09-08,R_N,D2C,ppc,20768.73
2025-09-08,R_S,D2C,ppc,10430.39
2025-09-15,R_N,D2C,ppc,20949.85
2025-09-15,R_S,D2C,ppc,10790.41
2025-09-22,R_N,D2C,ppc,21606.66
2025-09-22,R_S,D2C,ppc,10317.29
2025-09-29,R_N,D2C,ppc,20893.68
2025-09-29,R_S,D2C,ppc,10707.05
2025-10-06,R_N,D2C,ppc,21695.95
2025-10-06,R_S,D2C,ppc,10289.78
2025-10-13,R_N,D2C,ppc,21423.33
2025-10-13,R_S,D2C,ppc,10545.81
2025-10-20,R_N,D2C,ppc,20765.36
2025-10-20,R_S,D2C,ppc,10620.58
2025-10-27,R_N,D2C,ppc,20510.67
2025-10-27,R_S,D2C,ppc,10733.54
2025-11-03,R_N,D2C,ppc,20354.22
2025-11-03,R_S,D2C,ppc,10424.81
2025-11-10,R_N,D2C,ppc,21131.57
2025-11-10,R_S,D2C,ppc,10590.62
2025-11-17,R_N,D2C,ppc,20525.5
2025-11-17,R_S,D2C,ppc,10376.64
2025-11-24,R_N,D2C,ppc,20912.0
2025-11-24,R_S,D2C,ppc,10807.16
2025-12-01,R_N,D2C,ppc,20782.91
2025-12-01,R_S,D2C,ppc,10349.43
2025-12-08,R_N,D2C,ppc,21307.33
2025-12-08,R_S,D2C,ppc,9902.39
2025-12-15,R_N,D2C,ppc,20750.91
2025-12-15,R_S,D2C,ppc,10368.0
2025-12-22,R_N,D2C,ppc,21810.82
2025-12-22,R_S,D2C,ppc,10644.75
2025-12-29,R_N,D2C,ppc,21310.56
2025-12-29,R_S,D2C,ppc,10398.54
2026-01-05,R_N,D2C,ppc,20444.52
2026-01-05,R_S,D2C,ppc,10774.27
2026-01-12,R_N,D2C,ppc,20102.05
2026-01-12,R_S,D2C,ppc,10258.36
2026-01-19,R_N,D2C,ppc,21835.57
2026-01-19,R_S,D2C,ppc,10313.69
2026-01-26,R_N,D2C,ppc,20920.43
2026-01-26,R_S,D2C,ppc,10202.53
2026-02-02,R_N,D2C,ppc,21242.83
2026-02-02,R_S,D2C,ppc,10511.26
2026-02-09,R_N,D2C,ppc,21000.0
2026-02-09,R_S,D2C,ppc,10500.0
2026-02-16,R_N,D2C,ppc,21000.0
2026-02-16,R_S,D2C,ppc,10500.0
2026-02-23,R_N,D2C,ppc,21000.0
2026-02-23,R_S,D2C,ppc,10500.0
2026-03-02,R_N,D2C,ppc,21000.0
2026-03-02,R_S,D2C,ppc,10500.0
2026-03-09,R_N,D2C,ppc,21000.0
2026-03-09,R_S,D2C,ppc,10500.0
2026-03-16,R_N,D2C,ppc,21000.0
2026-03-16,R_S,D2C,ppc,10500.0
2026-03-23,R_N,D2C,ppc,21000.0
2026-03-23,R_S,D2C,ppc,10500.0
2026-03-30,R_N,D2C,ppc,21000.0
2026-03-30,R_S,D2C,ppc,10500.0
2026-04-06,R_N,D2C,ppc,21000.0
2026-04-06,R_S,D2C,ppc,10500.0
2026-04-13,R_N,D2C,ppc,21000.0
2026-04-13,R_S,D2C,ppc,10500.0
2026-04-20,R_N,D2C,ppc,21000.0
2026-04-20,R_S,D2C,ppc,10500.0
2026-04-27,R_N,D2C,ppc,21000.0
2026-04-27,R_S,D2C,ppc,10500.0
2026-05-04,R_N,D2C,ppc,21000.0
2026-05-04,R_S,D2C,ppc,10500.0
