response_date,channel,region_id,customer_or_account_id,score
2024-01-04,D2C,R_N,C00313,6
2024-01-04,D2C,R_S,C00307,9
2024-01-05,B2B,R_N,ACC_DIST,8
2024-01-18,D2C,R_N,C01228,9
2024-01-18,D2C,R_S,C01165,10
2024-02-01,D2C,R_N,C01299,6
2024-02-01,D2C,R_S,C01426,9
2024-02-15,D2C,R_N,C00646,10
2024-02-15,D2C,R_S,C00284,8
2024-02-29,D2C,R_N,C00754,10
2024-02-29,D2C,R_S,C00049,10
2024-03-01,B2B,R_N,ACC_DIST,8
2024-03-14,D2C,R_N,C00444,6
2024-03-14,D2C,R_S,C00763,10
2024-03-28,D2C,R_N,C00481,9
2024-03-28,D2C,R_S,C01219,10
2024-04-11,D2C,R_N,C00081,9
2024-04-11,D2C,R_S,C01050,10
2024-04-25,D2C,R_N,C00004,7
2024-04-25,D2C,R_S,C00086,10
2024-04-26,B2B,R_N,ACC_DIST,9
2024-05-09,D2C,R_N,C00391,7
2024-05-09,D2C,R_S,C00047,8
2024-05-23,D2C,R_N,C00890,10
2024-05-23,D2C,R_S,C01350,6
2024-06-06,D2C,R_N,C00013,7
2024-06-06,D2C,R_S,C00539,9
2024-06-20,D2C,R_N,C00057,9
2024-06-20,D2C,R_S,C00576,9
2024-06-21,B2B,R_N,ACC_DIST,8
2024-07-04,D2C,R_N,C00291,6
2024-07-04,D2C,R_S,C00816,6
2024-07-18,D2C,R_N,C01247,6
2024-07-18,D2C,R_S,C00817,9
2024-08-01,D2C,R_N,C00938,6
2024-08-01,D2C,R_S,C01064,6
2024-08-15,D2C,R_N,C00535,10
2024-08-15,D2C,R_S,C00803,8
2024-08-16,B2B,R_N,ACC_DIST,7
2024-08-29,D2C,R_N,C01421,7
2024-08-29,D2C,R_S,C00905,6
2024-09-12,D2C,R_N,C00091,10
2024-09-12,D2C,R_S,C00311,7
2024-09-26,D2C,R_N,C00299,9
2024-09-26,D2C,R_S,C00285,7
2024-10-10,D2C,R_N,C00442,8
2024-10-10,D2C,R_S,C00856,9
2024-10-11,B2B,R_N,ACC_DIST,7
2024-10-24,D2C,R_N,C01028,8
2024-10-24,D2C,R_S,C00749,6
2024-11-07,D2C,R_N,C01472,6
2024-11-07,D2C,R_S,C00219,8
2024-11-21,D2C,R_N,C01096,10
2024-11-21,D2C,R_S,C00178,7
2024-12-05,D2C,R_N,C00728,7
2024-12-05,D2C,R_S,C00011,6
2024-12-06,B2B,R_N,ACC_DIST,6
2024-12-19,D2C,R_N,C00536,3
2024-12-19,D2C,R_S,C01359,3
2025-01-02,D2C,R_N,C00058,3
2025-01-02,D2C,R_S,C01127,3
2025-01-16,D2C,R_N,C00339,6
2025-01-16,D2C,R_S,C00738,6
2025-01-30,D2C,R_N,C01328,6
2025-01-30,D2C,R_S,C00643,10
2025-01-31,B2B,R_N,ACC_DIST,8
2025-02-13,D2C,R_N,C00691,9
2025-02-13,D2C,R_S,C01258,9
2025-02-27,D2C,R_N,C00883,9
2025-02-27,D2C,R_S,C01166,10
2025-03-13,D2C,R_N,C00198,8
2025-03-13,D2C,R_S,C01100,8
2025-03-27,D2C,R_N,C00444,9
2025-03-27,D2C,R_S,C00982,7
2025-03-28,B2B,R_N,ACC_DIST,6
2025-04-10,D2C,R_N,C01070,7
2025-04-10,D2C,R_S,C01075,10
2025-04-24,D2C,R_N,C00519,6
2025-04-24,D2C,R_S,C00697,6
2025-05-08,D2C,R_N,C00463,7
2025-05-08,D2C,R_S,C01103,7
2025-05-22,D2C,R_N,C01288,10
2025-05-22,D2C,R_S,C00590,10
2025-05-23,B2B,R_N,ACC_DIST,6
2025-06-05,D2C,R_N,C01227,9
2025-06-05,D2C,R_S,C00696,7
2025-06-19,D2C,R_N,C00926,7
2025-06-19,D2C,R_S,C00882,10
2025-07-03,D2C,R_N,C00940,7
2025-07-03,D2C,R_S,C00945,9
2025-07-17,D2C,R_N,C01371,9
2025-07-17,D2C,R_S,C00997,9
2025-07-18,B2B,R_N,ACC_DIST,6
2025-07-31,D2C,R_N,C00877,9
2025-07-31,D2C,R_S,C00142,8
2025-08-14,D2C,R_N,C00095,9
2025-08-14,D2C,R_S,C01151,7
2025-08-28,D2C,R_N,C01019,7
2025-08-28,D2C,R_S,C01268,8
2025-09-11,D2C,R_N,C00859,7
2025-09-11,D2C,R_S,C01425,8
2025-09-12,B2B,R_N,ACC_DIST,6
2025-09-25,D2C,R_N,C00793,7
2025-09-25,D2C,R_S,C01051,8
2025-10-09,D2C,R_N,C00033,8
2025-10-09,D2C,R_S,C01193,6
2025-10-23,D2C,R_N,C00184,10
2025-10-23,D2C,R_S,C00749,10
2025-11-06,D2C,R_N,C00604,7
2025-11-06,D2C,R_S,C01467,8
2025-11-07,B2B,R_N,ACC_DIST,9
2025-11-20,D2C,R_N,C01069,10
2025-11-20,D2C,R_S,C00830,7
2025-12-04,D2C,R_N,C01098,8
2025-12-04,D2C,R_S,C00788,10
2025-12-18,D2C,R_N,C01041,10
2025-12-18,D2C,R_S,C00932,8
2026-01-01,D2C,R_N,C01080,8
2026-01-01,D2C,R_S,C00406,7
2026-01-02,B2B,R_N,ACC_DIST,9
2026-01-15,D2C,R_N,C00769,10
2026-01-15,D2C,R_S,C01308,6
2026-01-29,D2C,R_N,C01059,8
2026-01-29,D2C,R_S,C01243,10
